device_id,measurement,phase,point_description
PS1092-BE_CGS_0002-M_001_0001,S_AUT,2期,1#粗格栅-1#粗格栅-手动/自动状态
PS1092-BE_CGS_0002-M_001_0001,A_FLT,2期,1#粗格栅-1#粗格栅-故障状态
PS1092-BE_CGS_0002-M_001_0001,S_REM,2期,1#粗格栅-1#粗格栅-本地/远程状态
PS1092-BE_CGS_0002-M_001_0001,S_RUN,2期,1#粗格栅-1#粗格栅-运行/停止状态
PS1092-BE_CGS_0002-M_001_0002,S_AUT,2期,1#粗格栅-2#粗格栅-手动/自动状态
PS1092-BE_CGS_0002-M_001_0002,A_FLT,2期,1#粗格栅-2#粗格栅-故障状态
PS1092-BE_CGS_0002-M_001_0002,S_REM,2期,1#粗格栅-2#粗格栅-本地/远程状态
PS1092-BE_CGS_0002-M_001_0002,S_RUN,2期,1#粗格栅-2#粗格栅-运行/停止状态
PS1092-BE_CGS_0001-M_001_0003,S_AUT,1期,1#粗格栅-2#粗格栅-手动/自动状态
PS1092-BE_CGS_0001-M_001_0003,A_FLT,1期,1#粗格栅-2#粗格栅-故障状态
PS1092-BE_CGS_0001-M_001_0003,S_REM,1期,1#粗格栅-2#粗格栅-本地/远程状态
PS1092-BE_CGS_0001-M_001_0003,S_RUN,1期,1#粗格栅-2#粗格栅-运行/停止状态
PS1092-BE_CGS_0001-M_001_0004,S_AUT,1期,1#粗格栅-1#粗格栅-手动/自动状态
PS1092-BE_CGS_0001-M_001_0004,A_FLT,1期,1#粗格栅-1#粗格栅-故障状态
PS1092-BE_CGS_0001-M_001_0004,S_REM,1期,1#粗格栅-1#粗格栅-本地/远程状态
PS1092-BE_CGS_0001-M_001_0004,S_RUN,1期,1#粗格栅-1#粗格栅-运行/停止状态
PS1092-BE_CGS_0001-M_002_0001,S_AUT,1期,1#粗格栅-1#输送机-手动/自动状态
PS1092-BE_CGS_0001-M_002_0001,A_FLT,1期,1#粗格栅-1#输送机-故障状态
PS1092-BE_CGS_0001-M_002_0001,S_REM,1期,1#粗格栅-1#输送机-本地/远程状态
PS1092-BE_CGS_0001-M_002_0001,S_RUN,1期,1#粗格栅-1#输送机-运行/停止状态
PS1092-BE_CGS_0002-M_002_0002,S_AUT,2期,1#粗格栅-1#输送机-手动/自动状态
PS1092-BE_CGS_0002-M_002_0002,A_FLT,2期,1#粗格栅-1#输送机-故障状态
PS1092-BE_CGS_0002-M_002_0002,S_REM,2期,1#粗格栅-1#输送机-本地/远程状态
PS1092-BE_CGS_0002-M_002_0002,S_RUN,2期,1#粗格栅-1#输送机-运行/停止状态
PS1092-BE_CGS_0001-V_001_0001,S_ZIC,1期,1#粗格栅-1#总进水闸门-关到位状态
PS1092-BE_CGS_0001-V_001_0001,S_ZIO,1期,1#粗格栅-1#总进水闸门-开到位状态
PS1092-BE_CGS_0001-V_001_0001,A_FLT,1期,1#粗格栅-1#总进水闸门-故障状态
PS1092-BE_CGS_0002-V_001_0002,S_ZIC,2期,1#粗格栅-2#总进水闸门-关到位状态
PS1092-BE_CGS_0002-V_001_0002,S_ZIO,2期,1#粗格栅-2#总进水闸门-开到位状态
PS1092-BE_CGS_0002-V_001_0002,A_FLT,2期,1#粗格栅-2#总进水闸门-故障状态
PS1092-BE_CGS_0001-V_001_0003,S_ZIC,1期,1#粗格栅-2#总进水闸门-关到位状态
PS1092-BE_CGS_0001-V_001_0003,S_ZIO,1期,1#粗格栅-2#总进水闸门-开到位状态
PS1092-BE_CGS_0001-V_001_0003,A_FLT,1期,1#粗格栅-2#总进水闸门-故障状态
PS1092-BE_CGS_0002-V_001_0004,S_ZIC,2期,1#粗格栅-1#总进水闸门-关到位状态
PS1092-BE_CGS_0002-V_001_0004,S_ZIO,2期,1#粗格栅-1#总进水闸门-开到位状态
PS1092-BE_CGS_0002-V_001_0004,A_FLT,2期,1#粗格栅-1#总进水闸门-故障状态
PS1092-BE_JSTS_0002-LIT_001_0001,V_LIT,2期,1#进水提升泵房-1#液位计-液位值
PS1092-BE_JSTS_0002-P_001_0001,V_P,2期,1#进水提升泵房-7#进水提升泵-功率
PS1092-BE_JSTS_0002-P_001_0001,S_AUT,2期,1#进水提升泵房-7#进水提升泵-手动/自动状态
PS1092-BE_JSTS_0002-P_001_0001,A_FLT,2期,1#进水提升泵房-7#进水提升泵-故障状态
PS1092-BE_JSTS_0002-P_001_0001,S_REM,2期,1#进水提升泵房-7#进水提升泵-本地/远程状态
PS1092-BE_JSTS_0002-P_001_0001,V_I,2期,1#进水提升泵房-7#进水提升泵-电流
PS1092-BE_JSTS_0002-P_001_0001,S_RUN,2期,1#进水提升泵房-7#进水提升泵-运行/停止状态
PS1092-BE_JSTS_0002-P_001_0001,V_TRT,2期,1#进水提升泵房-7#进水提升泵-运行时间
PS1092-BE_JSTS_0002-P_001_0001,V_SIT,2期,1#进水提升泵房-7#进水提升泵-频率反馈
PS1092-BE_JSTS_0001-P_001_0002,V_P,1期,1#进水提升泵房-2#进水提升泵-功率
PS1092-BE_JSTS_0001-P_001_0002,S_AUT,1期,1#进水提升泵房-2#进水提升泵-手动/自动状态
PS1092-BE_JSTS_0001-P_001_0002,A_FLT,1期,1#进水提升泵房-2#进水提升泵-故障状态
PS1092-BE_JSTS_0001-P_001_0002,S_REM,1期,1#进水提升泵房-2#进水提升泵-本地/远程状态
PS1092-BE_JSTS_0001-P_001_0002,V_I,1期,1#进水提升泵房-2#进水提升泵-电流
PS1092-BE_JSTS_0001-P_001_0002,S_RUN,1期,1#进水提升泵房-2#进水提升泵-运行/停止状态
PS1092-BE_JSTS_0001-P_001_0002,V_TRT,1期,1#进水提升泵房-2#进水提升泵-运行时间
PS1092-BE_JSTS_0001-P_001_0002,V_SIT,1期,1#进水提升泵房-2#进水提升泵-频率反馈
PS1092-BE_JSTS_0001-P_001_0003,V_P,1期,1#进水提升泵房-3#进水提升泵-功率
PS1092-BE_JSTS_0001-P_001_0003,S_AUT,1期,1#进水提升泵房-3#进水提升泵-手动/自动状态
PS1092-BE_JSTS_0001-P_001_0003,A_FLT,1期,1#进水提升泵房-3#进水提升泵-故障状态
PS1092-BE_JSTS_0001-P_001_0003,S_REM,1期,1#进水提升泵房-3#进水提升泵-本地/远程状态
PS1092-BE_JSTS_0001-P_001_0003,V_I,1期,1#进水提升泵房-3#进水提升泵-电流
PS1092-BE_JSTS_0001-P_001_0003,S_RUN,1期,1#进水提升泵房-3#进水提升泵-运行/停止状态
PS1092-BE_JSTS_0001-P_001_0003,V_TRT,1期,1#进水提升泵房-3#进水提升泵-运行时间
PS1092-BE_JSTS_0001-P_001_0003,V_SIT,1期,1#进水提升泵房-3#进水提升泵-频率反馈
PS1092-BE_JSTS_0001-P_001_0004,V_P,1期,1#进水提升泵房-4#进水提升泵-功率
PS1092-BE_JSTS_0001-P_001_0004,S_AUT,1期,1#进水提升泵房-4#进水提升泵-手动/自动状态
PS1092-BE_JSTS_0001-P_001_0004,A_FLT,1期,1#进水提升泵房-4#进水提升泵-故障状态
PS1092-BE_JSTS_0001-P_001_0004,S_REM,1期,1#进水提升泵房-4#进水提升泵-本地/远程状态
PS1092-BE_JSTS_0001-P_001_0004,V_I,1期,1#进水提升泵房-4#进水提升泵-电流
PS1092-BE_JSTS_0001-P_001_0004,S_RUN,1期,1#进水提升泵房-4#进水提升泵-运行/停止状态
PS1092-BE_JSTS_0001-P_001_0004,V_TRT,1期,1#进水提升泵房-4#进水提升泵-运行时间
PS1092-BE_JSTS_0001-P_001_0004,V_SIT,1期,1#进水提升泵房-4#进水提升泵-频率反馈
PS1092-BE_JSTS_0001-P_001_0005,V_P,1期,1#进水提升泵房-1#进水提升泵-功率
PS1092-BE_JSTS_0001-P_001_0005,S_AUT,1期,1#进水提升泵房-1#进水提升泵-手动/自动状态
PS1092-BE_JSTS_0001-P_001_0005,A_FLT,1期,1#进水提升泵房-1#进水提升泵-故障状态
PS1092-BE_JSTS_0001-P_001_0005,S_REM,1期,1#进水提升泵房-1#进水提升泵-本地/远程状态
PS1092-BE_JSTS_0001-P_001_0005,V_I,1期,1#进水提升泵房-1#进水提升泵-电流
PS1092-BE_JSTS_0001-P_001_0005,S_RUN,1期,1#进水提升泵房-1#进水提升泵-运行/停止状态
PS1092-BE_JSTS_0001-P_001_0005,V_TRT,1期,1#进水提升泵房-1#进水提升泵-运行时间
PS1092-BE_JSTS_0001-P_001_0005,V_SIT,1期,1#进水提升泵房-1#进水提升泵-频率反馈
PS1092-BE_JSTS_0002-P_001_0006,V_P,2期,1#进水提升泵房-8#进水提升泵-功率
PS1092-BE_JSTS_0002-P_001_0006,S_AUT,2期,1#进水提升泵房-8#进水提升泵-手动/自动状态
PS1092-BE_JSTS_0002-P_001_0006,A_FLT,2期,1#进水提升泵房-8#进水提升泵-故障状态
PS1092-BE_JSTS_0002-P_001_0006,S_REM,2期,1#进水提升泵房-8#进水提升泵-本地/远程状态
PS1092-BE_JSTS_0002-P_001_0006,V_I,2期,1#进水提升泵房-8#进水提升泵-电流
PS1092-BE_JSTS_0002-P_001_0006,S_RUN,2期,1#进水提升泵房-8#进水提升泵-运行/停止状态
PS1092-BE_JSTS_0002-P_001_0006,V_TRT,2期,1#进水提升泵房-8#进水提升泵-运行时间
PS1092-BE_JSTS_0002-P_001_0006,V_SIT,2期,1#进水提升泵房-8#进水提升泵-频率反馈
PS1092-BE_JSTS_0002-P_001_0007,V_P,2期,1#进水提升泵房-5#进水提升泵-功率
PS1092-BE_JSTS_0002-P_001_0007,S_AUT,2期,1#进水提升泵房-5#进水提升泵-手动/自动状态
PS1092-BE_JSTS_0002-P_001_0007,A_FLT,2期,1#进水提升泵房-5#进水提升泵-故障状态
PS1092-BE_JSTS_0002-P_001_0007,S_REM,2期,1#进水提升泵房-5#进水提升泵-本地/远程状态
PS1092-BE_JSTS_0002-P_001_0007,V_I,2期,1#进水提升泵房-5#进水提升泵-电流
PS1092-BE_JSTS_0002-P_001_0007,S_RUN,2期,1#进水提升泵房-5#进水提升泵-运行/停止状态
PS1092-BE_JSTS_0002-P_001_0007,V_TRT,2期,1#进水提升泵房-5#进水提升泵-运行时间
PS1092-BE_JSTS_0002-P_001_0007,V_SIT,2期,1#进水提升泵房-5#进水提升泵-频率反馈
PS1092-BE_JSTS_0002-P_001_0008,V_P,2期,1#进水提升泵房-6#进水提升泵-功率
PS1092-BE_JSTS_0002-P_001_0008,S_AUT,2期,1#进水提升泵房-6#进水提升泵-手动/自动状态
PS1092-BE_JSTS_0002-P_001_0008,A_FLT,2期,1#进水提升泵房-6#进水提升泵-故障状态
PS1092-BE_JSTS_0002-P_001_0008,S_REM,2期,1#进水提升泵房-6#进水提升泵-本地/远程状态
PS1092-BE_JSTS_0002-P_001_0008,V_I,2期,1#进水提升泵房-6#进水提升泵-电流
PS1092-BE_JSTS_0002-P_001_0008,S_RUN,2期,1#进水提升泵房-6#进水提升泵-运行/停止状态
PS1092-BE_JSTS_0002-P_001_0008,V_TRT,2期,1#进水提升泵房-6#进水提升泵-运行时间
PS1092-BE_JSTS_0002-P_001_0008,V_SIT,2期,1#进水提升泵房-6#进水提升泵-频率反馈
PS1092-BE_JSTS_0001-LIT_001_0002,V_LIT,1期,1#进水提升泵房-1#液位计-液位值
PS1092-BE_XGS_0002-M_003_0001,S_AUT,2期,1#细格栅-1#细格栅-手动/自动状态
PS1092-BE_XGS_0002-M_003_0001,A_FLT,2期,1#细格栅-1#细格栅-故障状态
PS1092-BE_XGS_0002-M_003_0001,S_REM,2期,1#细格栅-1#细格栅-本地/远程状态
PS1092-BE_XGS_0002-M_003_0001,S_RUN,2期,1#细格栅-1#细格栅-运行/停止状态
PS1092-BE_XGS_0001-M_003_0002,S_AUT,1期,1#细格栅-1#细格栅-手动/自动状态
PS1092-BE_XGS_0001-M_003_0002,A_FLT,1期,1#细格栅-1#细格栅-故障状态
PS1092-BE_XGS_0001-M_003_0002,S_REM,1期,1#细格栅-1#细格栅-本地/远程状态
PS1092-BE_XGS_0001-M_003_0002,S_RUN,1期,1#细格栅-1#细格栅-运行/停止状态
PS1092-BE_XGS_0001-M_004_0001,S_AUT,1期,1#细格栅-1#输送机-手动/自动状态
PS1092-BE_XGS_0001-M_004_0001,A_FLT,1期,1#细格栅-1#输送机-故障状态
PS1092-BE_XGS_0001-M_004_0001,S_REM,1期,1#细格栅-1#输送机-本地/远程状态
PS1092-BE_XGS_0001-M_004_0001,S_RUN,1期,1#细格栅-1#输送机-运行/停止状态
PS1092-BE_XGS_0001-M_003_0003,S_AUT,1期,1#细格栅-2#细格栅-手动/自动状态
PS1092-BE_XGS_0001-M_003_0003,A_FLT,1期,1#细格栅-2#细格栅-故障状态
PS1092-BE_XGS_0001-M_003_0003,S_REM,1期,1#细格栅-2#细格栅-本地/远程状态
PS1092-BE_XGS_0001-M_003_0003,S_RUN,1期,1#细格栅-2#细格栅-运行/停止状态
PS1092-BE_XGS_0002-M_003_0004,S_AUT,2期,1#细格栅-2#细格栅-手动/自动状态
PS1092-BE_XGS_0002-M_003_0004,A_FLT,2期,1#细格栅-2#细格栅-故障状态
PS1092-BE_XGS_0002-M_003_0004,S_REM,2期,1#细格栅-2#细格栅-本地/远程状态
PS1092-BE_XGS_0002-M_003_0004,S_RUN,2期,1#细格栅-2#细格栅-运行/停止状态
PS1092-BE_CSC_0001-M_009_0001,S_AUT,1期,1#沉砂池-1#砂水分离器-手动/自动状态
PS1092-BE_CSC_0001-M_009_0001,A_FLT,1期,1#沉砂池-1#砂水分离器-故障状态
PS1092-BE_CSC_0001-M_009_0001,S_REM,1期,1#沉砂池-1#砂水分离器-本地/远程状态
PS1092-BE_CSC_0001-M_009_0001,S_RUN,1期,1#沉砂池-1#砂水分离器-运行/停止状态
PS1092-BE_XGS_0002-M_004_0002,S_AUT,2期,1#细格栅-1#输送机-手动/自动状态
PS1092-BE_XGS_0002-M_004_0002,A_FLT,2期,1#细格栅-1#输送机-故障状态
PS1092-BE_XGS_0002-M_004_0002,S_REM,2期,1#细格栅-1#输送机-本地/远程状态
PS1092-BE_XGS_0002-M_004_0002,S_RUN,2期,1#细格栅-1#输送机-运行/停止状态
PS1092-BE_CSC_0002-M_009_0002,S_AUT,2期,1#沉砂池-1#砂水分离器-手动/自动状态
PS1092-BE_CSC_0002-M_009_0002,A_FLT,2期,1#沉砂池-1#砂水分离器-故障状态
PS1092-BE_CSC_0002-M_009_0002,S_REM,2期,1#沉砂池-1#砂水分离器-本地/远程状态
PS1092-BE_CSC_0002-M_009_0002,S_RUN,2期,1#沉砂池-1#砂水分离器-运行/停止状态
PS1092-BE_CSC_0001-C_002_0001,S_AUT,1期,1#沉砂池-2#曝气风机-手动/自动状态
PS1092-BE_CSC_0001-C_002_0001,A_FLT,1期,1#沉砂池-2#曝气风机-故障状态
PS1092-BE_CSC_0001-C_002_0001,S_REM,1期,1#沉砂池-2#曝气风机-本地/远程状态
PS1092-BE_CSC_0001-C_002_0001,S_RUN,1期,1#沉砂池-2#曝气风机-运行/停止状态
PS1092-BE_CSC_0002-C_002_0002,S_AUT,2期,1#沉砂池-2#曝气风机-手动/自动状态
PS1092-BE_CSC_0002-C_002_0002,A_FLT,2期,1#沉砂池-2#曝气风机-故障状态
PS1092-BE_CSC_0002-C_002_0002,S_REM,2期,1#沉砂池-2#曝气风机-本地/远程状态
PS1092-BE_CSC_0002-C_002_0002,S_RUN,2期,1#沉砂池-2#曝气风机-运行/停止状态
PS1092-BE_CSC_0001-C_002_0003,S_AUT,1期,1#沉砂池-1#曝气风机-手动/自动状态
PS1092-BE_CSC_0001-C_002_0003,A_FLT,1期,1#沉砂池-1#曝气风机-故障状态
PS1092-BE_CSC_0001-C_002_0003,S_REM,1期,1#沉砂池-1#曝气风机-本地/远程状态
PS1092-BE_CSC_0001-C_002_0003,S_RUN,1期,1#沉砂池-1#曝气风机-运行/停止状态
PS1092-BE_CSC_0002-C_002_0004,S_AUT,2期,1#沉砂池-1#曝气风机-手动/自动状态
PS1092-BE_CSC_0002-C_002_0004,A_FLT,2期,1#沉砂池-1#曝气风机-故障状态
PS1092-BE_CSC_0002-C_002_0004,S_REM,2期,1#沉砂池-1#曝气风机-本地/远程状态
PS1092-BE_CSC_0002-C_002_0004,S_RUN,2期,1#沉砂池-1#曝气风机-运行/停止状态
PS1092-BE_JSTS_0001-FIT_001_0001,V_LF,1期,1#进水提升泵房-1#进水总流量计-瞬时流量
PS1092-BE_JSTS_0001-FIT_001_0001,V_LFQ,1期,1#进水提升泵房-1#进水总流量计-累计流量
PS1092-BE_JSTS_0001-FIT_001_0002,V_LF,1期,1#进水提升泵房-2#进水总流量计-瞬时流量
PS1092-BE_JSTS_0001-FIT_001_0002,V_LFQ,1期,1#进水提升泵房-2#进水总流量计-累计流量
PS1092-BE_JSTS_0002-FIT_001_0003,V_LF,2期,1#进水提升泵房-1#进水总流量计-瞬时流量
PS1092-BE_JSTS_0002-FIT_001_0003,V_LFQ,2期,1#进水提升泵房-1#进水总流量计-累计流量
PS1092-BE_JSYB_0001-PH_001_0001,V_PH,1期,1#进水在线监测仪表间-1#pH/T分析仪-PH值
PS1092-BE_JSYB_0002-PH_001_0002,V_PH,2期,1#进水在线监测仪表间-1#pH/T分析仪-PH值
PS1092-BE_SHC_0001-P_006_0001,V_P,1期,1#生化池-1#内回流泵-功率
PS1092-BE_SHC_0001-P_006_0001,S_AUT,1期,1#生化池-1#内回流泵-手动/自动状态
PS1092-BE_SHC_0001-P_006_0001,A_FLT,1期,1#生化池-1#内回流泵-故障状态
PS1092-BE_SHC_0001-P_006_0001,S_REM,1期,1#生化池-1#内回流泵-本地/远程状态
PS1092-BE_SHC_0001-P_006_0001,V_I,1期,1#生化池-1#内回流泵-电流
PS1092-BE_SHC_0001-P_006_0001,S_RUN,1期,1#生化池-1#内回流泵-运行/停止状态
PS1092-BE_SHC_0001-P_006_0001,V_TRT,1期,1#生化池-1#内回流泵-运行时间
PS1092-BE_SHC_0001-P_006_0001,V_SIT,1期,1#生化池-1#内回流泵-频率反馈
PS1092-BE_SHC_0003-P_006_0002,V_P,2期,1#生化池-2#内回流泵-功率
PS1092-BE_SHC_0003-P_006_0002,S_AUT,2期,1#生化池-2#内回流泵-手动/自动状态
PS1092-BE_SHC_0003-P_006_0002,A_FLT,2期,1#生化池-2#内回流泵-故障状态
PS1092-BE_SHC_0003-P_006_0002,S_REM,2期,1#生化池-2#内回流泵-本地/远程状态
PS1092-BE_SHC_0003-P_006_0002,V_I,2期,1#生化池-2#内回流泵-电流
PS1092-BE_SHC_0003-P_006_0002,S_RUN,2期,1#生化池-2#内回流泵-运行/停止状态
PS1092-BE_SHC_0003-P_006_0002,V_TRT,2期,1#生化池-2#内回流泵-运行时间
PS1092-BE_SHC_0003-P_006_0002,V_SIT,2期,1#生化池-2#内回流泵-频率反馈
PS1092-BE_SHC_0002-P_006_0003,V_P,1期,2#生化池-3#内回流泵-功率
PS1092-BE_SHC_0002-P_006_0003,S_AUT,1期,2#生化池-3#内回流泵-手动/自动状态
PS1092-BE_SHC_0002-P_006_0003,A_FLT,1期,2#生化池-3#内回流泵-故障状态
PS1092-BE_SHC_0002-P_006_0003,S_REM,1期,2#生化池-3#内回流泵-本地/远程状态
PS1092-BE_SHC_0002-P_006_0003,V_I,1期,2#生化池-3#内回流泵-电流
PS1092-BE_SHC_0002-P_006_0003,S_RUN,1期,2#生化池-3#内回流泵-运行/停止状态
PS1092-BE_SHC_0002-P_006_0003,V_TRT,1期,2#生化池-3#内回流泵-运行时间
PS1092-BE_SHC_0002-P_006_0003,V_SIT,1期,2#生化池-3#内回流泵-频率反馈
PS1092-BE_SHC_0003-P_006_0004,V_P,2期,1#生化池-5#内回流泵-功率
PS1092-BE_SHC_0003-P_006_0004,S_AUT,2期,1#生化池-5#内回流泵-手动/自动状态
PS1092-BE_SHC_0003-P_006_0004,A_FLT,2期,1#生化池-5#内回流泵-故障状态
PS1092-BE_SHC_0003-P_006_0004,S_REM,2期,1#生化池-5#内回流泵-本地/远程状态
PS1092-BE_SHC_0003-P_006_0004,V_I,2期,1#生化池-5#内回流泵-电流
PS1092-BE_SHC_0003-P_006_0004,S_RUN,2期,1#生化池-5#内回流泵-运行/停止状态
PS1092-BE_SHC_0003-P_006_0004,V_TRT,2期,1#生化池-5#内回流泵-运行时间
PS1092-BE_SHC_0003-P_006_0004,V_SIT,2期,1#生化池-5#内回流泵-频率反馈
PS1092-BE_SHC_0001-P_006_0005,V_P,1期,1#生化池-3#内回流泵-功率
PS1092-BE_SHC_0001-P_006_0005,S_AUT,1期,1#生化池-3#内回流泵-手动/自动状态
PS1092-BE_SHC_0001-P_006_0005,A_FLT,1期,1#生化池-3#内回流泵-故障状态
PS1092-BE_SHC_0001-P_006_0005,S_REM,1期,1#生化池-3#内回流泵-本地/远程状态
PS1092-BE_SHC_0001-P_006_0005,V_I,1期,1#生化池-3#内回流泵-电流
PS1092-BE_SHC_0001-P_006_0005,S_RUN,1期,1#生化池-3#内回流泵-运行/停止状态
PS1092-BE_SHC_0001-P_006_0005,V_TRT,1期,1#生化池-3#内回流泵-运行时间
PS1092-BE_SHC_0001-P_006_0005,V_SIT,1期,1#生化池-3#内回流泵-频率反馈
PS1092-BE_SHC_0003-P_006_0006,V_P,2期,1#生化池-3#内回流泵-功率
PS1092-BE_SHC_0003-P_006_0006,S_AUT,2期,1#生化池-3#内回流泵-手动/自动状态
PS1092-BE_SHC_0003-P_006_0006,A_FLT,2期,1#生化池-3#内回流泵-故障状态
PS1092-BE_SHC_0003-P_006_0006,S_REM,2期,1#生化池-3#内回流泵-本地/远程状态
PS1092-BE_SHC_0003-P_006_0006,V_I,2期,1#生化池-3#内回流泵-电流
PS1092-BE_SHC_0003-P_006_0006,S_RUN,2期,1#生化池-3#内回流泵-运行/停止状态
PS1092-BE_SHC_0003-P_006_0006,V_TRT,2期,1#生化池-3#内回流泵-运行时间
PS1092-BE_SHC_0003-P_006_0006,V_SIT,2期,1#生化池-3#内回流泵-频率反馈
PS1092-BE_SHC_0003-P_006_0007,V_P,2期,1#生化池-1#内回流泵-功率
PS1092-BE_SHC_0003-P_006_0007,S_AUT,2期,1#生化池-1#内回流泵-手动/自动状态
PS1092-BE_SHC_0003-P_006_0007,A_FLT,2期,1#生化池-1#内回流泵-故障状态
PS1092-BE_SHC_0003-P_006_0007,S_REM,2期,1#生化池-1#内回流泵-本地/远程状态
PS1092-BE_SHC_0003-P_006_0007,V_I,2期,1#生化池-1#内回流泵-电流
PS1092-BE_SHC_0003-P_006_0007,S_RUN,2期,1#生化池-1#内回流泵-运行/停止状态
PS1092-BE_SHC_0003-P_006_0007,V_TRT,2期,1#生化池-1#内回流泵-运行时间
PS1092-BE_SHC_0003-P_006_0007,V_SIT,2期,1#生化池-1#内回流泵-频率反馈
PS1092-BE_SHC_0004-P_006_0008,V_P,2期,2#生化池-3#内回流泵-功率
PS1092-BE_SHC_0004-P_006_0008,S_AUT,2期,2#生化池-3#内回流泵-手动/自动状态
PS1092-BE_SHC_0004-P_006_0008,A_FLT,2期,2#生化池-3#内回流泵-故障状态
PS1092-BE_SHC_0004-P_006_0008,S_REM,2期,2#生化池-3#内回流泵-本地/远程状态
PS1092-BE_SHC_0004-P_006_0008,V_I,2期,2#生化池-3#内回流泵-电流
PS1092-BE_SHC_0004-P_006_0008,S_RUN,2期,2#生化池-3#内回流泵-运行/停止状态
PS1092-BE_SHC_0004-P_006_0008,V_TRT,2期,2#生化池-3#内回流泵-运行时间
PS1092-BE_SHC_0004-P_006_0008,V_SIT,2期,2#生化池-3#内回流泵-频率反馈
PS1092-BE_SHC_0001-P_006_0009,V_P,1期,1#生化池-2#内回流泵-功率
PS1092-BE_SHC_0001-P_006_0009,S_AUT,1期,1#生化池-2#内回流泵-手动/自动状态
PS1092-BE_SHC_0001-P_006_0009,A_FLT,1期,1#生化池-2#内回流泵-故障状态
PS1092-BE_SHC_0001-P_006_0009,S_REM,1期,1#生化池-2#内回流泵-本地/远程状态
PS1092-BE_SHC_0001-P_006_0009,V_I,1期,1#生化池-2#内回流泵-电流
PS1092-BE_SHC_0001-P_006_0009,S_RUN,1期,1#生化池-2#内回流泵-运行/停止状态
PS1092-BE_SHC_0001-P_006_0009,V_TRT,1期,1#生化池-2#内回流泵-运行时间
PS1092-BE_SHC_0001-P_006_0009,V_SIT,1期,1#生化池-2#内回流泵-频率反馈
PS1092-BE_SHC_0004-P_006_0010,V_P,2期,2#生化池-1#内回流泵-功率
PS1092-BE_SHC_0004-P_006_0010,S_AUT,2期,2#生化池-1#内回流泵-手动/自动状态
PS1092-BE_SHC_0004-P_006_0010,A_FLT,2期,2#生化池-1#内回流泵-故障状态
PS1092-BE_SHC_0004-P_006_0010,S_REM,2期,2#生化池-1#内回流泵-本地/远程状态
PS1092-BE_SHC_0004-P_006_0010,V_I,2期,2#生化池-1#内回流泵-电流
PS1092-BE_SHC_0004-P_006_0010,S_RUN,2期,2#生化池-1#内回流泵-运行/停止状态
PS1092-BE_SHC_0004-P_006_0010,V_TRT,2期,2#生化池-1#内回流泵-运行时间
PS1092-BE_SHC_0004-P_006_0010,V_SIT,2期,2#生化池-1#内回流泵-频率反馈
PS1092-BE_SHC_0003-P_006_0011,V_P,2期,1#生化池-4#内回流泵-功率
PS1092-BE_SHC_0003-P_006_0011,S_AUT,2期,1#生化池-4#内回流泵-手动/自动状态
PS1092-BE_SHC_0003-P_006_0011,A_FLT,2期,1#生化池-4#内回流泵-故障状态
PS1092-BE_SHC_0003-P_006_0011,S_REM,2期,1#生化池-4#内回流泵-本地/远程状态
PS1092-BE_SHC_0003-P_006_0011,V_I,2期,1#生化池-4#内回流泵-电流
PS1092-BE_SHC_0003-P_006_0011,S_RUN,2期,1#生化池-4#内回流泵-运行/停止状态
PS1092-BE_SHC_0003-P_006_0011,V_TRT,2期,1#生化池-4#内回流泵-运行时间
PS1092-BE_SHC_0003-P_006_0011,V_SIT,2期,1#生化池-4#内回流泵-频率反馈
PS1092-BE_SHC_0004-P_006_0012,V_P,2期,2#生化池-5#内回流泵-功率
PS1092-BE_SHC_0004-P_006_0012,S_AUT,2期,2#生化池-5#内回流泵-手动/自动状态
PS1092-BE_SHC_0004-P_006_0012,A_FLT,2期,2#生化池-5#内回流泵-故障状态
PS1092-BE_SHC_0004-P_006_0012,S_REM,2期,2#生化池-5#内回流泵-本地/远程状态
PS1092-BE_SHC_0004-P_006_0012,V_I,2期,2#生化池-5#内回流泵-电流
PS1092-BE_SHC_0004-P_006_0012,S_RUN,2期,2#生化池-5#内回流泵-运行/停止状态
PS1092-BE_SHC_0004-P_006_0012,V_TRT,2期,2#生化池-5#内回流泵-运行时间
PS1092-BE_SHC_0004-P_006_0012,V_SIT,2期,2#生化池-5#内回流泵-频率反馈
PS1092-BE_SHC_0004-P_006_0013,V_P,2期,2#生化池-2#内回流泵-功率
PS1092-BE_SHC_0004-P_006_0013,S_AUT,2期,2#生化池-2#内回流泵-手动/自动状态
PS1092-BE_SHC_0004-P_006_0013,A_FLT,2期,2#生化池-2#内回流泵-故障状态
PS1092-BE_SHC_0004-P_006_0013,S_REM,2期,2#生化池-2#内回流泵-本地/远程状态
PS1092-BE_SHC_0004-P_006_0013,V_I,2期,2#生化池-2#内回流泵-电流
PS1092-BE_SHC_0004-P_006_0013,S_RUN,2期,2#生化池-2#内回流泵-运行/停止状态
PS1092-BE_SHC_0004-P_006_0013,V_TRT,2期,2#生化池-2#内回流泵-运行时间
PS1092-BE_SHC_0004-P_006_0013,V_SIT,2期,2#生化池-2#内回流泵-频率反馈
PS1092-BE_SHC_0004-P_006_0014,V_P,2期,2#生化池-4#内回流泵-功率
PS1092-BE_SHC_0004-P_006_0014,S_AUT,2期,2#生化池-4#内回流泵-手动/自动状态
PS1092-BE_SHC_0004-P_006_0014,A_FLT,2期,2#生化池-4#内回流泵-故障状态
PS1092-BE_SHC_0004-P_006_0014,S_REM,2期,2#生化池-4#内回流泵-本地/远程状态
PS1092-BE_SHC_0004-P_006_0014,V_I,2期,2#生化池-4#内回流泵-电流
PS1092-BE_SHC_0004-P_006_0014,S_RUN,2期,2#生化池-4#内回流泵-运行/停止状态
PS1092-BE_SHC_0004-P_006_0014,V_TRT,2期,2#生化池-4#内回流泵-运行时间
PS1092-BE_SHC_0004-P_006_0014,V_SIT,2期,2#生化池-4#内回流泵-频率反馈
PS1092-BE_SHC_0002-P_006_0015,V_P,1期,2#生化池-2#内回流泵-功率
PS1092-BE_SHC_0002-P_006_0015,S_AUT,1期,2#生化池-2#内回流泵-手动/自动状态
PS1092-BE_SHC_0002-P_006_0015,A_FLT,1期,2#生化池-2#内回流泵-故障状态
PS1092-BE_SHC_0002-P_006_0015,S_REM,1期,2#生化池-2#内回流泵-本地/远程状态
PS1092-BE_SHC_0002-P_006_0015,V_I,1期,2#生化池-2#内回流泵-电流
PS1092-BE_SHC_0002-P_006_0015,S_RUN,1期,2#生化池-2#内回流泵-运行/停止状态
PS1092-BE_SHC_0002-P_006_0015,V_TRT,1期,2#生化池-2#内回流泵-运行时间
PS1092-BE_SHC_0002-P_006_0015,V_SIT,1期,2#生化池-2#内回流泵-频率反馈
PS1092-BE_SHC_0002-P_006_0016,V_P,1期,2#生化池-1#内回流泵-功率
PS1092-BE_SHC_0002-P_006_0016,S_AUT,1期,2#生化池-1#内回流泵-手动/自动状态
PS1092-BE_SHC_0002-P_006_0016,A_FLT,1期,2#生化池-1#内回流泵-故障状态
PS1092-BE_SHC_0002-P_006_0016,S_REM,1期,2#生化池-1#内回流泵-本地/远程状态
PS1092-BE_SHC_0002-P_006_0016,V_I,1期,2#生化池-1#内回流泵-电流
PS1092-BE_SHC_0002-P_006_0016,S_RUN,1期,2#生化池-1#内回流泵-运行/停止状态
PS1092-BE_SHC_0002-P_006_0016,V_TRT,1期,2#生化池-1#内回流泵-运行时间
PS1092-BE_SHC_0002-P_006_0016,V_SIT,1期,2#生化池-1#内回流泵-频率反馈
PS1092-BE_JY_0002-P_026_0001,S_AUT,2期,1#加药间-2#碳源加药泵-手动/自动状态
PS1092-BE_JY_0002-P_026_0001,A_FLT,2期,1#加药间-2#碳源加药泵-故障状态
PS1092-BE_JY_0002-P_026_0001,S_REM,2期,1#加药间-2#碳源加药泵-本地/远程状态
PS1092-BE_JY_0002-P_026_0001,S_RUN,2期,1#加药间-2#碳源加药泵-运行/停止状态
PS1092-BE_JY_0002-P_026_0001,V_SIT,2期,1#加药间-2#碳源加药泵-频率反馈
PS1092-BE_JY_0002-P_026_0002,S_AUT,2期,1#加药间-1#碳源加药泵-手动/自动状态
PS1092-BE_JY_0002-P_026_0002,A_FLT,2期,1#加药间-1#碳源加药泵-故障状态
PS1092-BE_JY_0002-P_026_0002,S_REM,2期,1#加药间-1#碳源加药泵-本地/远程状态
PS1092-BE_JY_0002-P_026_0002,S_RUN,2期,1#加药间-1#碳源加药泵-运行/停止状态
PS1092-BE_JY_0002-P_026_0002,V_SIT,2期,1#加药间-1#碳源加药泵-频率反馈
PS1092-BE_JY_0001-P_026_0003,S_AUT,1期,1#加药间-1#碳源加药泵-手动/自动状态
PS1092-BE_JY_0001-P_026_0003,A_FLT,1期,1#加药间-1#碳源加药泵-故障状态
PS1092-BE_JY_0001-P_026_0003,S_REM,1期,1#加药间-1#碳源加药泵-本地/远程状态
PS1092-BE_JY_0001-P_026_0003,S_RUN,1期,1#加药间-1#碳源加药泵-运行/停止状态
PS1092-BE_JY_0001-P_026_0003,V_SIT,1期,1#加药间-1#碳源加药泵-频率反馈
PS1092-BE_JY_0001-P_026_0004,S_AUT,1期,1#加药间-2#碳源加药泵-手动/自动状态
PS1092-BE_JY_0001-P_026_0004,A_FLT,1期,1#加药间-2#碳源加药泵-故障状态
PS1092-BE_JY_0001-P_026_0004,S_REM,1期,1#加药间-2#碳源加药泵-本地/远程状态
PS1092-BE_JY_0001-P_026_0004,S_RUN,1期,1#加药间-2#碳源加药泵-运行/停止状态
PS1092-BE_JY_0001-P_026_0004,V_SIT,1期,1#加药间-2#碳源加药泵-频率反馈
PS1092-BE_GFJF_0002-C_003_0001,V_OP,2期,1#鼓风机房-1#曝气风机-出口压力
PS1092-BE_GFJF_0002-C_003_0001,V_OTIT,2期,1#鼓风机房-1#曝气风机-出口温度
PS1092-BE_GFJF_0002-C_003_0001,V_P,2期,1#鼓风机房-1#曝气风机-功率
PS1092-BE_GFJF_0002-C_003_0001,S_AUT,2期,1#鼓风机房-1#曝气风机-手动/自动状态
PS1092-BE_GFJF_0002-C_003_0001,A_FLT,2期,1#鼓风机房-1#曝气风机-故障状态
PS1092-BE_GFJF_0002-C_003_0001,S_REM,2期,1#鼓风机房-1#曝气风机-本地/远程状态
PS1092-BE_GFJF_0002-C_003_0001,V_MTIT,2期,1#鼓风机房-1#曝气风机-电机温度
PS1092-BE_GFJF_0002-C_003_0001,V_I,2期,1#鼓风机房-1#曝气风机-电流
PS1092-BE_GFJF_0002-C_003_0001,V_SIT,2期,1#鼓风机房-1#曝气风机-调节反馈
PS1092-BE_GFJF_0002-C_003_0001,S_RUN,2期,1#鼓风机房-1#曝气风机-运行/停止状态
PS1092-BE_GFJF_0002-C_003_0001,V_TRT,2期,1#鼓风机房-1#曝气风机-运行时间
PS1092-BE_GFJF_0002-C_003_0001,V_ITIT,2期,1#鼓风机房-1#曝气风机-进口温度
PS1092-BE_GFJF_0002-C_003_0001,V_IF,2期,1#鼓风机房-1#曝气风机-进口风量
PS1092-BE_GFJF_0001-C_003_0002,V_OP,1期,1#鼓风机房-3#曝气风机-出口压力
PS1092-BE_GFJF_0001-C_003_0002,V_OTIT,1期,1#鼓风机房-3#曝气风机-出口温度
PS1092-BE_GFJF_0001-C_003_0002,V_P,1期,1#鼓风机房-3#曝气风机-功率
PS1092-BE_GFJF_0001-C_003_0002,S_AUT,1期,1#鼓风机房-3#曝气风机-手动/自动状态
PS1092-BE_GFJF_0001-C_003_0002,A_FLT,1期,1#鼓风机房-3#曝气风机-故障状态
PS1092-BE_GFJF_0001-C_003_0002,S_REM,1期,1#鼓风机房-3#曝气风机-本地/远程状态
PS1092-BE_GFJF_0001-C_003_0002,V_MTIT,1期,1#鼓风机房-3#曝气风机-电机温度
PS1092-BE_GFJF_0001-C_003_0002,V_I,1期,1#鼓风机房-3#曝气风机-电流
PS1092-BE_GFJF_0001-C_003_0002,V_SIT,1期,1#鼓风机房-3#曝气风机-调节反馈
PS1092-BE_GFJF_0001-C_003_0002,S_RUN,1期,1#鼓风机房-3#曝气风机-运行/停止状态
PS1092-BE_GFJF_0001-C_003_0002,V_TRT,1期,1#鼓风机房-3#曝气风机-运行时间
PS1092-BE_GFJF_0001-C_003_0002,V_ITIT,1期,1#鼓风机房-3#曝气风机-进口温度
PS1092-BE_GFJF_0001-C_003_0002,V_IF,1期,1#鼓风机房-3#曝气风机-进口风量
PS1092-BE_GFJF_0002-C_003_0003,V_OP,2期,1#鼓风机房-2#曝气风机-出口压力
PS1092-BE_GFJF_0002-C_003_0003,V_OTIT,2期,1#鼓风机房-2#曝气风机-出口温度
PS1092-BE_GFJF_0002-C_003_0003,V_P,2期,1#鼓风机房-2#曝气风机-功率
PS1092-BE_GFJF_0002-C_003_0003,S_AUT,2期,1#鼓风机房-2#曝气风机-手动/自动状态
PS1092-BE_GFJF_0002-C_003_0003,A_FLT,2期,1#鼓风机房-2#曝气风机-故障状态
PS1092-BE_GFJF_0002-C_003_0003,S_REM,2期,1#鼓风机房-2#曝气风机-本地/远程状态
PS1092-BE_GFJF_0002-C_003_0003,V_MTIT,2期,1#鼓风机房-2#曝气风机-电机温度
PS1092-BE_GFJF_0002-C_003_0003,V_I,2期,1#鼓风机房-2#曝气风机-电流
PS1092-BE_GFJF_0002-C_003_0003,V_SIT,2期,1#鼓风机房-2#曝气风机-调节反馈
PS1092-BE_GFJF_0002-C_003_0003,S_RUN,2期,1#鼓风机房-2#曝气风机-运行/停止状态
PS1092-BE_GFJF_0002-C_003_0003,V_TRT,2期,1#鼓风机房-2#曝气风机-运行时间
PS1092-BE_GFJF_0002-C_003_0003,V_ITIT,2期,1#鼓风机房-2#曝气风机-进口温度
PS1092-BE_GFJF_0002-C_003_0003,V_IF,2期,1#鼓风机房-2#曝气风机-进口风量
PS1092-BE_GFJF_0002-C_003_0004,V_OP,2期,1#鼓风机房-3#曝气风机-出口压力
PS1092-BE_GFJF_0002-C_003_0004,V_OTIT,2期,1#鼓风机房-3#曝气风机-出口温度
PS1092-BE_GFJF_0002-C_003_0004,V_P,2期,1#鼓风机房-3#曝气风机-功率
PS1092-BE_GFJF_0002-C_003_0004,S_AUT,2期,1#鼓风机房-3#曝气风机-手动/自动状态
PS1092-BE_GFJF_0002-C_003_0004,A_FLT,2期,1#鼓风机房-3#曝气风机-故障状态
PS1092-BE_GFJF_0002-C_003_0004,S_REM,2期,1#鼓风机房-3#曝气风机-本地/远程状态
PS1092-BE_GFJF_0002-C_003_0004,V_MTIT,2期,1#鼓风机房-3#曝气风机-电机温度
PS1092-BE_GFJF_0002-C_003_0004,V_I,2期,1#鼓风机房-3#曝气风机-电流
PS1092-BE_GFJF_0002-C_003_0004,V_SIT,2期,1#鼓风机房-3#曝气风机-调节反馈
PS1092-BE_GFJF_0002-C_003_0004,S_RUN,2期,1#鼓风机房-3#曝气风机-运行/停止状态
PS1092-BE_GFJF_0002-C_003_0004,V_TRT,2期,1#鼓风机房-3#曝气风机-运行时间
PS1092-BE_GFJF_0002-C_003_0004,V_ITIT,2期,1#鼓风机房-3#曝气风机-进口温度
PS1092-BE_GFJF_0002-C_003_0004,V_IF,2期,1#鼓风机房-3#曝气风机-进口风量
PS1092-BE_GFJF_0001-C_003_0005,V_OP,1期,1#鼓风机房-4#曝气风机-出口压力
PS1092-BE_GFJF_0001-C_003_0005,V_OTIT,1期,1#鼓风机房-4#曝气风机-出口温度
PS1092-BE_GFJF_0001-C_003_0005,V_P,1期,1#鼓风机房-4#曝气风机-功率
PS1092-BE_GFJF_0001-C_003_0005,S_AUT,1期,1#鼓风机房-4#曝气风机-手动/自动状态
PS1092-BE_GFJF_0001-C_003_0005,A_FLT,1期,1#鼓风机房-4#曝气风机-故障状态
PS1092-BE_GFJF_0001-C_003_0005,S_REM,1期,1#鼓风机房-4#曝气风机-本地/远程状态
PS1092-BE_GFJF_0001-C_003_0005,V_MTIT,1期,1#鼓风机房-4#曝气风机-电机温度
PS1092-BE_GFJF_0001-C_003_0005,V_I,1期,1#鼓风机房-4#曝气风机-电流
PS1092-BE_GFJF_0001-C_003_0005,V_SIT,1期,1#鼓风机房-4#曝气风机-调节反馈
PS1092-BE_GFJF_0001-C_003_0005,S_RUN,1期,1#鼓风机房-4#曝气风机-运行/停止状态
PS1092-BE_GFJF_0001-C_003_0005,V_TRT,1期,1#鼓风机房-4#曝气风机-运行时间
PS1092-BE_GFJF_0001-C_003_0005,V_ITIT,1期,1#鼓风机房-4#曝气风机-进口温度
PS1092-BE_GFJF_0001-C_003_0005,V_IF,1期,1#鼓风机房-4#曝气风机-进口风量
PS1092-BE_GFJF_0001-C_003_0007,V_OP,1期,1#鼓风机房-1#曝气风机-出口压力
PS1092-BE_GFJF_0001-C_003_0007,V_OTIT,1期,1#鼓风机房-1#曝气风机-出口温度
PS1092-BE_GFJF_0001-C_003_0007,V_P,1期,1#鼓风机房-1#曝气风机-功率
PS1092-BE_GFJF_0001-C_003_0007,S_AUT,1期,1#鼓风机房-1#曝气风机-手动/自动状态
PS1092-BE_GFJF_0001-C_003_0007,A_FLT,1期,1#鼓风机房-1#曝气风机-故障状态
PS1092-BE_GFJF_0001-C_003_0007,S_REM,1期,1#鼓风机房-1#曝气风机-本地/远程状态
PS1092-BE_GFJF_0001-C_003_0007,V_MTIT,1期,1#鼓风机房-1#曝气风机-电机温度
PS1092-BE_GFJF_0001-C_003_0007,V_I,1期,1#鼓风机房-1#曝气风机-电流
PS1092-BE_GFJF_0001-C_003_0007,V_SIT,1期,1#鼓风机房-1#曝气风机-调节反馈
PS1092-BE_GFJF_0001-C_003_0007,S_RUN,1期,1#鼓风机房-1#曝气风机-运行/停止状态
PS1092-BE_GFJF_0001-C_003_0007,V_TRT,1期,1#鼓风机房-1#曝气风机-运行时间
PS1092-BE_GFJF_0001-C_003_0007,V_ITIT,1期,1#鼓风机房-1#曝气风机-进口温度
PS1092-BE_GFJF_0001-C_003_0007,V_IF,1期,1#鼓风机房-1#曝气风机-进口风量
PS1092-BE_GFJF_0001-C_003_0008,V_OP,1期,1#鼓风机房-2#曝气风机-出口压力
PS1092-BE_GFJF_0001-C_003_0008,V_OTIT,1期,1#鼓风机房-2#曝气风机-出口温度
PS1092-BE_GFJF_0001-C_003_0008,V_P,1期,1#鼓风机房-2#曝气风机-功率
PS1092-BE_GFJF_0001-C_003_0008,S_AUT,1期,1#鼓风机房-2#曝气风机-手动/自动状态
PS1092-BE_GFJF_0001-C_003_0008,A_FLT,1期,1#鼓风机房-2#曝气风机-故障状态
PS1092-BE_GFJF_0001-C_003_0008,S_REM,1期,1#鼓风机房-2#曝气风机-本地/远程状态
PS1092-BE_GFJF_0001-C_003_0008,V_MTIT,1期,1#鼓风机房-2#曝气风机-电机温度
PS1092-BE_GFJF_0001-C_003_0008,V_I,1期,1#鼓风机房-2#曝气风机-电流
PS1092-BE_GFJF_0001-C_003_0008,V_SIT,1期,1#鼓风机房-2#曝气风机-调节反馈
PS1092-BE_GFJF_0001-C_003_0008,S_RUN,1期,1#鼓风机房-2#曝气风机-运行/停止状态
PS1092-BE_GFJF_0001-C_003_0008,V_TRT,1期,1#鼓风机房-2#曝气风机-运行时间
PS1092-BE_GFJF_0001-C_003_0008,V_ITIT,1期,1#鼓风机房-2#曝气风机-进口温度
PS1092-BE_GFJF_0001-C_003_0008,V_IF,1期,1#鼓风机房-2#曝气风机-进口风量
PS1092-BE_SHC_0004-M_016_0001,S_AUT,2期,2#生化池-6#缺氧区推流器-手动/自动状态
PS1092-BE_SHC_0004-M_016_0001,A_FLT,2期,2#生化池-6#缺氧区推流器-故障状态
PS1092-BE_SHC_0004-M_016_0001,S_REM,2期,2#生化池-6#缺氧区推流器-本地/远程状态
PS1092-BE_SHC_0004-M_016_0001,V_I,2期,2#生化池-6#缺氧区推流器-电流
PS1092-BE_SHC_0004-M_016_0001,S_RUN,2期,2#生化池-6#缺氧区推流器-运行/停止状态
PS1092-BE_SHC_0004-M_016_0001,V_TRT,2期,2#生化池-6#缺氧区推流器-运行时间
PS1092-BE_SHC_0003-M_016_0002,S_AUT,2期,1#生化池-3#缺氧区推流器-手动/自动状态
PS1092-BE_SHC_0003-M_016_0002,A_FLT,2期,1#生化池-3#缺氧区推流器-故障状态
PS1092-BE_SHC_0003-M_016_0002,S_REM,2期,1#生化池-3#缺氧区推流器-本地/远程状态
PS1092-BE_SHC_0003-M_016_0002,V_I,2期,1#生化池-3#缺氧区推流器-电流
PS1092-BE_SHC_0003-M_016_0002,S_RUN,2期,1#生化池-3#缺氧区推流器-运行/停止状态
PS1092-BE_SHC_0003-M_016_0002,V_TRT,2期,1#生化池-3#缺氧区推流器-运行时间
PS1092-BE_SHC_0002-M_016_0003,S_AUT,1期,2#生化池-9#缺氧区推流器-手动/自动状态
PS1092-BE_SHC_0002-M_016_0003,A_FLT,1期,2#生化池-9#缺氧区推流器-故障状态
PS1092-BE_SHC_0002-M_016_0003,S_REM,1期,2#生化池-9#缺氧区推流器-本地/远程状态
PS1092-BE_SHC_0002-M_016_0003,V_I,1期,2#生化池-9#缺氧区推流器-电流
PS1092-BE_SHC_0002-M_016_0003,S_RUN,1期,2#生化池-9#缺氧区推流器-运行/停止状态
PS1092-BE_SHC_0002-M_016_0003,V_TRT,1期,2#生化池-9#缺氧区推流器-运行时间
PS1092-BE_SHC_0001-M_017_0001,S_AUT,1期,1#生化池-7#好氧区推流器-手动/自动状态
PS1092-BE_SHC_0001-M_017_0001,A_FLT,1期,1#生化池-7#好氧区推流器-故障状态
PS1092-BE_SHC_0001-M_017_0001,S_REM,1期,1#生化池-7#好氧区推流器-本地/远程状态
PS1092-BE_SHC_0001-M_017_0001,V_I,1期,1#生化池-7#好氧区推流器-电流
PS1092-BE_SHC_0001-M_017_0001,S_RUN,1期,1#生化池-7#好氧区推流器-运行/停止状态
PS1092-BE_SHC_0001-M_017_0001,V_TRT,1期,1#生化池-7#好氧区推流器-运行时间
PS1092-BE_SHC_0001-M_038_0001,S_AUT,1期,1#生化池-8#后缺氧区推流器-手动/自动状态
PS1092-BE_SHC_0001-M_038_0001,A_FLT,1期,1#生化池-8#后缺氧区推流器-故障状态
PS1092-BE_SHC_0001-M_038_0001,S_REM,1期,1#生化池-8#后缺氧区推流器-本地/远程状态
PS1092-BE_SHC_0001-M_038_0001,V_I,1期,1#生化池-8#后缺氧区推流器-电流
PS1092-BE_SHC_0001-M_038_0001,S_RUN,1期,1#生化池-8#后缺氧区推流器-运行/停止状态
PS1092-BE_SHC_0001-M_038_0001,V_TRT,1期,1#生化池-8#后缺氧区推流器-运行时间
PS1092-BE_SHC_0004-M_014_0001,S_AUT,2期,2#生化池-1#预缺氧区搅拌器-手动/自动状态
PS1092-BE_SHC_0004-M_014_0001,A_FLT,2期,2#生化池-1#预缺氧区搅拌器-故障状态
PS1092-BE_SHC_0004-M_014_0001,S_REM,2期,2#生化池-1#预缺氧区搅拌器-本地/远程状态
PS1092-BE_SHC_0004-M_014_0001,V_I,2期,2#生化池-1#预缺氧区搅拌器-电流
PS1092-BE_SHC_0004-M_014_0001,S_RUN,2期,2#生化池-1#预缺氧区搅拌器-运行/停止状态
PS1092-BE_SHC_0004-M_014_0001,V_TRT,2期,2#生化池-1#预缺氧区搅拌器-运行时间
PS1092-BE_SHC_0003-M_016_0004,S_AUT,2期,1#生化池-5#缺氧区推流器-手动/自动状态
PS1092-BE_SHC_0003-M_016_0004,A_FLT,2期,1#生化池-5#缺氧区推流器-故障状态
PS1092-BE_SHC_0003-M_016_0004,S_REM,2期,1#生化池-5#缺氧区推流器-本地/远程状态
PS1092-BE_SHC_0003-M_016_0004,V_I,2期,1#生化池-5#缺氧区推流器-电流
PS1092-BE_SHC_0003-M_016_0004,S_RUN,2期,1#生化池-5#缺氧区推流器-运行/停止状态
PS1092-BE_SHC_0003-M_016_0004,V_TRT,2期,1#生化池-5#缺氧区推流器-运行时间
PS1092-BE_SHC_0002-M_014_0002,S_AUT,1期,2#生化池-1#预缺氧区搅拌器-手动/自动状态
PS1092-BE_SHC_0002-M_014_0002,A_FLT,1期,2#生化池-1#预缺氧区搅拌器-故障状态
PS1092-BE_SHC_0002-M_014_0002,S_REM,1期,2#生化池-1#预缺氧区搅拌器-本地/远程状态
PS1092-BE_SHC_0002-M_014_0002,V_I,1期,2#生化池-1#预缺氧区搅拌器-电流
PS1092-BE_SHC_0002-M_014_0002,S_RUN,1期,2#生化池-1#预缺氧区搅拌器-运行/停止状态
PS1092-BE_SHC_0002-M_014_0002,V_TRT,1期,2#生化池-1#预缺氧区搅拌器-运行时间
PS1092-BE_SHC_0001-M_014_0003,S_AUT,1期,1#生化池-1#预缺氧区搅拌器-手动/自动状态
PS1092-BE_SHC_0001-M_014_0003,A_FLT,1期,1#生化池-1#预缺氧区搅拌器-故障状态
PS1092-BE_SHC_0001-M_014_0003,S_REM,1期,1#生化池-1#预缺氧区搅拌器-本地/远程状态
PS1092-BE_SHC_0001-M_014_0003,V_I,1期,1#生化池-1#预缺氧区搅拌器-电流
PS1092-BE_SHC_0001-M_014_0003,S_RUN,1期,1#生化池-1#预缺氧区搅拌器-运行/停止状态
PS1092-BE_SHC_0001-M_014_0003,V_TRT,1期,1#生化池-1#预缺氧区搅拌器-运行时间
PS1092-BE_SHC_0002-M_016_0005,S_AUT,1期,2#生化池-4#缺氧区推流器-手动/自动状态
PS1092-BE_SHC_0002-M_016_0005,A_FLT,1期,2#生化池-4#缺氧区推流器-故障状态
PS1092-BE_SHC_0002-M_016_0005,S_REM,1期,2#生化池-4#缺氧区推流器-本地/远程状态
PS1092-BE_SHC_0002-M_016_0005,V_I,1期,2#生化池-4#缺氧区推流器-电流
PS1092-BE_SHC_0002-M_016_0005,S_RUN,1期,2#生化池-4#缺氧区推流器-运行/停止状态
PS1092-BE_SHC_0002-M_016_0005,V_TRT,1期,2#生化池-4#缺氧区推流器-运行时间
PS1092-BE_SHC_0003-M_015_0001,S_AUT,2期,1#生化池-2#厌氧区搅拌器-手动/自动状态
PS1092-BE_SHC_0003-M_015_0001,A_FLT,2期,1#生化池-2#厌氧区搅拌器-故障状态
PS1092-BE_SHC_0003-M_015_0001,S_REM,2期,1#生化池-2#厌氧区搅拌器-本地/远程状态
PS1092-BE_SHC_0003-M_015_0001,V_I,2期,1#生化池-2#厌氧区搅拌器-电流
PS1092-BE_SHC_0003-M_015_0001,S_RUN,2期,1#生化池-2#厌氧区搅拌器-运行/停止状态
PS1092-BE_SHC_0003-M_015_0001,V_TRT,2期,1#生化池-2#厌氧区搅拌器-运行时间
PS1092-BE_SHC_0004-M_015_0002,S_AUT,2期,2#生化池-2#厌氧区搅拌器-手动/自动状态
PS1092-BE_SHC_0004-M_015_0002,A_FLT,2期,2#生化池-2#厌氧区搅拌器-故障状态
PS1092-BE_SHC_0004-M_015_0002,S_REM,2期,2#生化池-2#厌氧区搅拌器-本地/远程状态
PS1092-BE_SHC_0004-M_015_0002,V_I,2期,2#生化池-2#厌氧区搅拌器-电流
PS1092-BE_SHC_0004-M_015_0002,S_RUN,2期,2#生化池-2#厌氧区搅拌器-运行/停止状态
PS1092-BE_SHC_0004-M_015_0002,V_TRT,2期,2#生化池-2#厌氧区搅拌器-运行时间
PS1092-BE_SHC_0004-M_016_0006,S_AUT,2期,2#生化池-3#缺氧区推流器-手动/自动状态
PS1092-BE_SHC_0004-M_016_0006,A_FLT,2期,2#生化池-3#缺氧区推流器-故障状态
PS1092-BE_SHC_0004-M_016_0006,S_REM,2期,2#生化池-3#缺氧区推流器-本地/远程状态
PS1092-BE_SHC_0004-M_016_0006,V_I,2期,2#生化池-3#缺氧区推流器-电流
PS1092-BE_SHC_0004-M_016_0006,S_RUN,2期,2#生化池-3#缺氧区推流器-运行/停止状态
PS1092-BE_SHC_0004-M_016_0006,V_TRT,2期,2#生化池-3#缺氧区推流器-运行时间
PS1092-BE_SHC_0002-M_016_0007,S_AUT,1期,2#生化池-5#缺氧区推流器-手动/自动状态
PS1092-BE_SHC_0002-M_016_0007,A_FLT,1期,2#生化池-5#缺氧区推流器-故障状态
PS1092-BE_SHC_0002-M_016_0007,S_REM,1期,2#生化池-5#缺氧区推流器-本地/远程状态
PS1092-BE_SHC_0002-M_016_0007,V_I,1期,2#生化池-5#缺氧区推流器-电流
PS1092-BE_SHC_0002-M_016_0007,S_RUN,1期,2#生化池-5#缺氧区推流器-运行/停止状态
PS1092-BE_SHC_0002-M_016_0007,V_TRT,1期,2#生化池-5#缺氧区推流器-运行时间
PS1092-BE_SHC_0004-M_038_0002,S_AUT,2期,2#生化池-8#后缺氧区推流器-手动/自动状态
PS1092-BE_SHC_0004-M_038_0002,A_FLT,2期,2#生化池-8#后缺氧区推流器-故障状态
PS1092-BE_SHC_0004-M_038_0002,S_REM,2期,2#生化池-8#后缺氧区推流器-本地/远程状态
PS1092-BE_SHC_0004-M_038_0002,V_I,2期,2#生化池-8#后缺氧区推流器-电流
PS1092-BE_SHC_0004-M_038_0002,S_RUN,2期,2#生化池-8#后缺氧区推流器-运行/停止状态
PS1092-BE_SHC_0004-M_038_0002,V_TRT,2期,2#生化池-8#后缺氧区推流器-运行时间
PS1092-BE_SHC_0004-M_016_0008,S_AUT,2期,2#生化池-5#缺氧区推流器-手动/自动状态
PS1092-BE_SHC_0004-M_016_0008,A_FLT,2期,2#生化池-5#缺氧区推流器-故障状态
PS1092-BE_SHC_0004-M_016_0008,S_REM,2期,2#生化池-5#缺氧区推流器-本地/远程状态
PS1092-BE_SHC_0004-M_016_0008,V_I,2期,2#生化池-5#缺氧区推流器-电流
PS1092-BE_SHC_0004-M_016_0008,S_RUN,2期,2#生化池-5#缺氧区推流器-运行/停止状态
PS1092-BE_SHC_0004-M_016_0008,V_TRT,2期,2#生化池-5#缺氧区推流器-运行时间
PS1092-BE_SHC_0002-M_016_0009,S_AUT,1期,2#生化池-3#缺氧区推流器-手动/自动状态
PS1092-BE_SHC_0002-M_016_0009,A_FLT,1期,2#生化池-3#缺氧区推流器-故障状态
PS1092-BE_SHC_0002-M_016_0009,S_REM,1期,2#生化池-3#缺氧区推流器-本地/远程状态
PS1092-BE_SHC_0002-M_016_0009,V_I,1期,2#生化池-3#缺氧区推流器-电流
PS1092-BE_SHC_0002-M_016_0009,S_RUN,1期,2#生化池-3#缺氧区推流器-运行/停止状态
PS1092-BE_SHC_0002-M_016_0009,V_TRT,1期,2#生化池-3#缺氧区推流器-运行时间
PS1092-BE_SHC_0003-M_038_0003,S_AUT,2期,1#生化池-7#后缺氧区推流器-手动/自动状态
PS1092-BE_SHC_0003-M_038_0003,A_FLT,2期,1#生化池-7#后缺氧区推流器-故障状态
PS1092-BE_SHC_0003-M_038_0003,S_REM,2期,1#生化池-7#后缺氧区推流器-本地/远程状态
PS1092-BE_SHC_0003-M_038_0003,V_I,2期,1#生化池-7#后缺氧区推流器-电流
PS1092-BE_SHC_0003-M_038_0003,S_RUN,2期,1#生化池-7#后缺氧区推流器-运行/停止状态
PS1092-BE_SHC_0003-M_038_0003,V_TRT,2期,1#生化池-7#后缺氧区推流器-运行时间
PS1092-BE_SHC_0002-M_016_0010,S_AUT,1期,2#生化池-6#缺氧区推流器-手动/自动状态
PS1092-BE_SHC_0002-M_016_0010,A_FLT,1期,2#生化池-6#缺氧区推流器-故障状态
PS1092-BE_SHC_0002-M_016_0010,S_REM,1期,2#生化池-6#缺氧区推流器-本地/远程状态
PS1092-BE_SHC_0002-M_016_0010,V_I,1期,2#生化池-6#缺氧区推流器-电流
PS1092-BE_SHC_0002-M_016_0010,S_RUN,1期,2#生化池-6#缺氧区推流器-运行/停止状态
PS1092-BE_SHC_0002-M_016_0010,V_TRT,1期,2#生化池-6#缺氧区推流器-运行时间
PS1092-BE_SHC_0001-M_016_0011,S_AUT,1期,1#生化池-4#缺氧区推流器-手动/自动状态
PS1092-BE_SHC_0001-M_016_0011,A_FLT,1期,1#生化池-4#缺氧区推流器-故障状态
PS1092-BE_SHC_0001-M_016_0011,S_REM,1期,1#生化池-4#缺氧区推流器-本地/远程状态
PS1092-BE_SHC_0001-M_016_0011,V_I,1期,1#生化池-4#缺氧区推流器-电流
PS1092-BE_SHC_0001-M_016_0011,S_RUN,1期,1#生化池-4#缺氧区推流器-运行/停止状态
PS1092-BE_SHC_0001-M_016_0011,V_TRT,1期,1#生化池-4#缺氧区推流器-运行时间
PS1092-BE_SHC_0004-M_016_0012,S_AUT,2期,2#生化池-7#缺氧区推流器-手动/自动状态
PS1092-BE_SHC_0004-M_016_0012,A_FLT,2期,2#生化池-7#缺氧区推流器-故障状态
PS1092-BE_SHC_0004-M_016_0012,S_REM,2期,2#生化池-7#缺氧区推流器-本地/远程状态
PS1092-BE_SHC_0004-M_016_0012,V_I,2期,2#生化池-7#缺氧区推流器-电流
PS1092-BE_SHC_0004-M_016_0012,S_RUN,2期,2#生化池-7#缺氧区推流器-运行/停止状态
PS1092-BE_SHC_0004-M_016_0012,V_TRT,2期,2#生化池-7#缺氧区推流器-运行时间
PS1092-BE_SHC_0001-M_016_0013,S_AUT,1期,1#生化池-9#缺氧区推流器-手动/自动状态
PS1092-BE_SHC_0001-M_016_0013,A_FLT,1期,1#生化池-9#缺氧区推流器-故障状态
PS1092-BE_SHC_0001-M_016_0013,S_REM,1期,1#生化池-9#缺氧区推流器-本地/远程状态
PS1092-BE_SHC_0001-M_016_0013,V_I,1期,1#生化池-9#缺氧区推流器-电流
PS1092-BE_SHC_0001-M_016_0013,S_RUN,1期,1#生化池-9#缺氧区推流器-运行/停止状态
PS1092-BE_SHC_0001-M_016_0013,V_TRT,1期,1#生化池-9#缺氧区推流器-运行时间
PS1092-BE_SHC_0001-M_015_0003,S_AUT,1期,1#生化池-2#厌氧区搅拌器-手动/自动状态
PS1092-BE_SHC_0001-M_015_0003,A_FLT,1期,1#生化池-2#厌氧区搅拌器-故障状态
PS1092-BE_SHC_0001-M_015_0003,S_REM,1期,1#生化池-2#厌氧区搅拌器-本地/远程状态
PS1092-BE_SHC_0001-M_015_0003,V_I,1期,1#生化池-2#厌氧区搅拌器-电流
PS1092-BE_SHC_0001-M_015_0003,S_RUN,1期,1#生化池-2#厌氧区搅拌器-运行/停止状态
PS1092-BE_SHC_0001-M_015_0003,V_TRT,1期,1#生化池-2#厌氧区搅拌器-运行时间
PS1092-BE_SHC_0003-M_038_0004,S_AUT,2期,1#生化池-8#后缺氧区推流器-手动/自动状态
PS1092-BE_SHC_0003-M_038_0004,A_FLT,2期,1#生化池-8#后缺氧区推流器-故障状态
PS1092-BE_SHC_0003-M_038_0004,S_REM,2期,1#生化池-8#后缺氧区推流器-本地/远程状态
PS1092-BE_SHC_0003-M_038_0004,V_I,2期,1#生化池-8#后缺氧区推流器-电流
PS1092-BE_SHC_0003-M_038_0004,S_RUN,2期,1#生化池-8#后缺氧区推流器-运行/停止状态
PS1092-BE_SHC_0003-M_038_0004,V_TRT,2期,1#生化池-8#后缺氧区推流器-运行时间
PS1092-BE_SHC_0002-M_017_0002,S_AUT,1期,2#生化池-7#好氧区推流器-手动/自动状态
PS1092-BE_SHC_0002-M_017_0002,A_FLT,1期,2#生化池-7#好氧区推流器-故障状态
PS1092-BE_SHC_0002-M_017_0002,S_REM,1期,2#生化池-7#好氧区推流器-本地/远程状态
PS1092-BE_SHC_0002-M_017_0002,V_I,1期,2#生化池-7#好氧区推流器-电流
PS1092-BE_SHC_0002-M_017_0002,S_RUN,1期,2#生化池-7#好氧区推流器-运行/停止状态
PS1092-BE_SHC_0002-M_017_0002,V_TRT,1期,2#生化池-7#好氧区推流器-运行时间
PS1092-BE_SHC_0003-M_016_0014,S_AUT,2期,1#生化池-6#缺氧区推流器-手动/自动状态
PS1092-BE_SHC_0003-M_016_0014,A_FLT,2期,1#生化池-6#缺氧区推流器-故障状态
PS1092-BE_SHC_0003-M_016_0014,S_REM,2期,1#生化池-6#缺氧区推流器-本地/远程状态
PS1092-BE_SHC_0003-M_016_0014,V_I,2期,1#生化池-6#缺氧区推流器-电流
PS1092-BE_SHC_0003-M_016_0014,S_RUN,2期,1#生化池-6#缺氧区推流器-运行/停止状态
PS1092-BE_SHC_0003-M_016_0014,V_TRT,2期,1#生化池-6#缺氧区推流器-运行时间
PS1092-BE_SHC_0004-M_016_0015,S_AUT,2期,2#生化池-4#缺氧区推流器-手动/自动状态
PS1092-BE_SHC_0004-M_016_0015,A_FLT,2期,2#生化池-4#缺氧区推流器-故障状态
PS1092-BE_SHC_0004-M_016_0015,S_REM,2期,2#生化池-4#缺氧区推流器-本地/远程状态
PS1092-BE_SHC_0004-M_016_0015,V_I,2期,2#生化池-4#缺氧区推流器-电流
PS1092-BE_SHC_0004-M_016_0015,S_RUN,2期,2#生化池-4#缺氧区推流器-运行/停止状态
PS1092-BE_SHC_0004-M_016_0015,V_TRT,2期,2#生化池-4#缺氧区推流器-运行时间
PS1092-BE_SHC_0001-M_016_0016,S_AUT,1期,1#生化池-5#缺氧区推流器-手动/自动状态
PS1092-BE_SHC_0001-M_016_0016,A_FLT,1期,1#生化池-5#缺氧区推流器-故障状态
PS1092-BE_SHC_0001-M_016_0016,S_REM,1期,1#生化池-5#缺氧区推流器-本地/远程状态
PS1092-BE_SHC_0001-M_016_0016,V_I,1期,1#生化池-5#缺氧区推流器-电流
PS1092-BE_SHC_0001-M_016_0016,S_RUN,1期,1#生化池-5#缺氧区推流器-运行/停止状态
PS1092-BE_SHC_0001-M_016_0016,V_TRT,1期,1#生化池-5#缺氧区推流器-运行时间
PS1092-BE_SHC_0002-M_038_0005,S_AUT,1期,2#生化池-8#后缺氧区推流器-手动/自动状态
PS1092-BE_SHC_0002-M_038_0005,A_FLT,1期,2#生化池-8#后缺氧区推流器-故障状态
PS1092-BE_SHC_0002-M_038_0005,S_REM,1期,2#生化池-8#后缺氧区推流器-本地/远程状态
PS1092-BE_SHC_0002-M_038_0005,V_I,1期,2#生化池-8#后缺氧区推流器-电流
PS1092-BE_SHC_0002-M_038_0005,S_RUN,1期,2#生化池-8#后缺氧区推流器-运行/停止状态
PS1092-BE_SHC_0002-M_038_0005,V_TRT,1期,2#生化池-8#后缺氧区推流器-运行时间
PS1092-BE_SHC_0003-M_014_0004,S_AUT,2期,1#生化池-1#预缺氧区搅拌器-手动/自动状态
PS1092-BE_SHC_0003-M_014_0004,A_FLT,2期,1#生化池-1#预缺氧区搅拌器-故障状态
PS1092-BE_SHC_0003-M_014_0004,S_REM,2期,1#生化池-1#预缺氧区搅拌器-本地/远程状态
PS1092-BE_SHC_0003-M_014_0004,V_I,2期,1#生化池-1#预缺氧区搅拌器-电流
PS1092-BE_SHC_0003-M_014_0004,S_RUN,2期,1#生化池-1#预缺氧区搅拌器-运行/停止状态
PS1092-BE_SHC_0003-M_014_0004,V_TRT,2期,1#生化池-1#预缺氧区搅拌器-运行时间
PS1092-BE_SHC_0001-M_016_0017,S_AUT,1期,1#生化池-3#缺氧区推流器-手动/自动状态
PS1092-BE_SHC_0001-M_016_0017,A_FLT,1期,1#生化池-3#缺氧区推流器-故障状态
PS1092-BE_SHC_0001-M_016_0017,S_REM,1期,1#生化池-3#缺氧区推流器-本地/远程状态
PS1092-BE_SHC_0001-M_016_0017,V_I,1期,1#生化池-3#缺氧区推流器-电流
PS1092-BE_SHC_0001-M_016_0017,S_RUN,1期,1#生化池-3#缺氧区推流器-运行/停止状态
PS1092-BE_SHC_0001-M_016_0017,V_TRT,1期,1#生化池-3#缺氧区推流器-运行时间
PS1092-BE_SHC_0003-M_016_0018,S_AUT,2期,1#生化池-4#缺氧区推流器-手动/自动状态
PS1092-BE_SHC_0003-M_016_0018,A_FLT,2期,1#生化池-4#缺氧区推流器-故障状态
PS1092-BE_SHC_0003-M_016_0018,S_REM,2期,1#生化池-4#缺氧区推流器-本地/远程状态
PS1092-BE_SHC_0003-M_016_0018,V_I,2期,1#生化池-4#缺氧区推流器-电流
PS1092-BE_SHC_0003-M_016_0018,S_RUN,2期,1#生化池-4#缺氧区推流器-运行/停止状态
PS1092-BE_SHC_0003-M_016_0018,V_TRT,2期,1#生化池-4#缺氧区推流器-运行时间
PS1092-BE_SHC_0002-M_015_0004,S_AUT,1期,2#生化池-2#厌氧区搅拌器-手动/自动状态
PS1092-BE_SHC_0002-M_015_0004,A_FLT,1期,2#生化池-2#厌氧区搅拌器-故障状态
PS1092-BE_SHC_0002-M_015_0004,S_REM,1期,2#生化池-2#厌氧区搅拌器-本地/远程状态
PS1092-BE_SHC_0002-M_015_0004,V_I,1期,2#生化池-2#厌氧区搅拌器-电流
PS1092-BE_SHC_0002-M_015_0004,S_RUN,1期,2#生化池-2#厌氧区搅拌器-运行/停止状态
PS1092-BE_SHC_0002-M_015_0004,V_TRT,1期,2#生化池-2#厌氧区搅拌器-运行时间
PS1092-BE_SHC_0001-M_016_0019,S_AUT,1期,1#生化池-6#缺氧区推流器-手动/自动状态
PS1092-BE_SHC_0001-M_016_0019,A_FLT,1期,1#生化池-6#缺氧区推流器-故障状态
PS1092-BE_SHC_0001-M_016_0019,S_REM,1期,1#生化池-6#缺氧区推流器-本地/远程状态
PS1092-BE_SHC_0001-M_016_0019,V_I,1期,1#生化池-6#缺氧区推流器-电流
PS1092-BE_SHC_0001-M_016_0019,S_RUN,1期,1#生化池-6#缺氧区推流器-运行/停止状态
PS1092-BE_SHC_0001-M_016_0019,V_TRT,1期,1#生化池-6#缺氧区推流器-运行时间
PS1092-BE_SHC_0003-M_013_0001,S_AUT,2期,1#生化池-2#脱气区搅拌器-手动/自动状态
PS1092-BE_SHC_0003-M_013_0001,A_FLT,2期,1#生化池-2#脱气区搅拌器-故障状态
PS1092-BE_SHC_0003-M_013_0001,S_REM,2期,1#生化池-2#脱气区搅拌器-本地/远程状态
PS1092-BE_SHC_0003-M_013_0001,V_I,2期,1#生化池-2#脱气区搅拌器-电流
PS1092-BE_SHC_0003-M_013_0001,S_RUN,2期,1#生化池-2#脱气区搅拌器-运行/停止状态
PS1092-BE_SHC_0003-M_013_0001,V_TRT,2期,1#生化池-2#脱气区搅拌器-运行时间
PS1092-BE_SHC_0004-M_013_0002,S_AUT,2期,2#生化池-2#脱气区搅拌器-手动/自动状态
PS1092-BE_SHC_0004-M_013_0002,A_FLT,2期,2#生化池-2#脱气区搅拌器-故障状态
PS1092-BE_SHC_0004-M_013_0002,S_REM,2期,2#生化池-2#脱气区搅拌器-本地/远程状态
PS1092-BE_SHC_0004-M_013_0002,V_I,2期,2#生化池-2#脱气区搅拌器-电流
PS1092-BE_SHC_0004-M_013_0002,S_RUN,2期,2#生化池-2#脱气区搅拌器-运行/停止状态
PS1092-BE_SHC_0004-M_013_0002,V_TRT,2期,2#生化池-2#脱气区搅拌器-运行时间
PS1092-BE_SHC_0003-M_013_0003,S_AUT,2期,1#生化池-1#脱气区搅拌器-手动/自动状态
PS1092-BE_SHC_0003-M_013_0003,A_FLT,2期,1#生化池-1#脱气区搅拌器-故障状态
PS1092-BE_SHC_0003-M_013_0003,S_REM,2期,1#生化池-1#脱气区搅拌器-本地/远程状态
PS1092-BE_SHC_0003-M_013_0003,V_I,2期,1#生化池-1#脱气区搅拌器-电流
PS1092-BE_SHC_0003-M_013_0003,S_RUN,2期,1#生化池-1#脱气区搅拌器-运行/停止状态
PS1092-BE_SHC_0003-M_013_0003,V_TRT,2期,1#生化池-1#脱气区搅拌器-运行时间
PS1092-BE_SHC_0004-M_013_0004,S_AUT,2期,2#生化池-1#脱气区搅拌器-手动/自动状态
PS1092-BE_SHC_0004-M_013_0004,A_FLT,2期,2#生化池-1#脱气区搅拌器-故障状态
PS1092-BE_SHC_0004-M_013_0004,S_REM,2期,2#生化池-1#脱气区搅拌器-本地/远程状态
PS1092-BE_SHC_0004-M_013_0004,V_I,2期,2#生化池-1#脱气区搅拌器-电流
PS1092-BE_SHC_0004-M_013_0004,S_RUN,2期,2#生化池-1#脱气区搅拌器-运行/停止状态
PS1092-BE_SHC_0004-M_013_0004,V_TRT,2期,2#生化池-1#脱气区搅拌器-运行时间
PS1092-BE_SHC_0001-V_002_0001,S_ZIC,1期,1#生化池-1#曝气支管阀-关到位状态
PS1092-BE_SHC_0001-V_002_0001,S_ZIO,1期,1#生化池-1#曝气支管阀-开到位状态
PS1092-BE_SHC_0001-V_002_0001,V_ZIT,1期,1#生化池-1#曝气支管阀-开度反馈
PS1092-BE_SHC_0001-V_002_0001,S_AUT,1期,1#生化池-1#曝气支管阀-手动/自动状态
PS1092-BE_SHC_0001-V_002_0001,A_FLT,1期,1#生化池-1#曝气支管阀-故障状态
PS1092-BE_SHC_0001-V_002_0001,S_REM,1期,1#生化池-1#曝气支管阀-本地/远程状态
PS1092-BE_SHC_0002-V_002_0002,S_ZIC,1期,2#生化池-1#曝气支管阀-关到位状态
PS1092-BE_SHC_0002-V_002_0002,S_ZIO,1期,2#生化池-1#曝气支管阀-开到位状态
PS1092-BE_SHC_0002-V_002_0002,V_ZIT,1期,2#生化池-1#曝气支管阀-开度反馈
PS1092-BE_SHC_0002-V_002_0002,S_AUT,1期,2#生化池-1#曝气支管阀-手动/自动状态
PS1092-BE_SHC_0002-V_002_0002,A_FLT,1期,2#生化池-1#曝气支管阀-故障状态
PS1092-BE_SHC_0002-V_002_0002,S_REM,1期,2#生化池-1#曝气支管阀-本地/远程状态
PS1092-BE_SHC_0003-V_002_0003,S_ZIC,2期,1#生化池-1#曝气支管阀-关到位状态
PS1092-BE_SHC_0003-V_002_0003,S_ZIO,2期,1#生化池-1#曝气支管阀-开到位状态
PS1092-BE_SHC_0003-V_002_0003,V_ZIT,2期,1#生化池-1#曝气支管阀-开度反馈
PS1092-BE_SHC_0003-V_002_0003,S_AUT,2期,1#生化池-1#曝气支管阀-手动/自动状态
PS1092-BE_SHC_0003-V_002_0003,A_FLT,2期,1#生化池-1#曝气支管阀-故障状态
PS1092-BE_SHC_0003-V_002_0003,S_REM,2期,1#生化池-1#曝气支管阀-本地/远程状态
PS1092-BE_SHC_0004-V_002_0004,S_ZIC,2期,2#生化池-1#曝气支管阀-关到位状态
PS1092-BE_SHC_0004-V_002_0004,S_ZIO,2期,2#生化池-1#曝气支管阀-开到位状态
PS1092-BE_SHC_0004-V_002_0004,V_ZIT,2期,2#生化池-1#曝气支管阀-开度反馈
PS1092-BE_SHC_0004-V_002_0004,S_AUT,2期,2#生化池-1#曝气支管阀-手动/自动状态
PS1092-BE_SHC_0004-V_002_0004,A_FLT,2期,2#生化池-1#曝气支管阀-故障状态
PS1092-BE_SHC_0004-V_002_0004,S_REM,2期,2#生化池-1#曝气支管阀-本地/远程状态
PS1092-BE_JY_0002-FIT_023_0001,V_SF,2期,1#加药间-2#碳源加药流量计-瞬时流量
PS1092-BE_JY_0002-FIT_023_0001,V_SFQ,2期,1#加药间-2#碳源加药流量计-累计流量
PS1092-BE_JY_0001-FIT_023_0002,V_SF,1期,1#加药间-1#碳源加药流量计-瞬时流量
PS1092-BE_JY_0001-FIT_023_0002,V_SFQ,1期,1#加药间-1#碳源加药流量计-累计流量
PS1092-BE_JY_0001-FIT_023_0003,V_SF,1期,1#加药间-2#碳源加药流量计-瞬时流量
PS1092-BE_JY_0001-FIT_023_0003,V_SFQ,1期,1#加药间-2#碳源加药流量计-累计流量
PS1092-BE_JY_0002-FIT_023_0004,V_SF,2期,1#加药间-1#碳源加药流量计-瞬时流量
PS1092-BE_JY_0002-FIT_023_0004,V_SFQ,2期,1#加药间-1#碳源加药流量计-累计流量
PS1092-BE_GFJF_0002-FIT_030_0001,V_GF,2期,1#鼓风机房-1#总管热式气体流量计-瞬时流量
PS1092-BE_GFJF_0002-FIT_030_0001,V_GFQ,2期,1#鼓风机房-1#总管热式气体流量计-累计流量
PS1092-BE_GFJF_0002-FIT_030_0002,V_GF,2期,1#鼓风机房-2#总管热式气体流量计-瞬时流量
PS1092-BE_GFJF_0002-FIT_030_0002,V_GFQ,2期,1#鼓风机房-2#总管热式气体流量计-累计流量
PS1092-BE_GFJF_0001-FIT_030_0003,V_GF,1期,1#鼓风机房-2#总管热式气体流量计-瞬时流量
PS1092-BE_GFJF_0001-FIT_030_0003,V_GFQ,1期,1#鼓风机房-2#总管热式气体流量计-累计流量
PS1092-BE_GFJF_0001-FIT_030_0004,V_GF,1期,1#鼓风机房-1#总管热式气体流量计-瞬时流量
PS1092-BE_GFJF_0001-FIT_030_0004,V_GFQ,1期,1#鼓风机房-1#总管热式气体流量计-累计流量
PS1092-BE_SHC_0004-ORP_003_0001,V_ORP,2期,2#生化池-1#缺氧区ORP分析仪-ORP值
PS1092-BE_SHC_0003-ORP_003_0002,V_ORP,2期,1#生化池-1#缺氧区ORP分析仪-ORP值
PS1092-BE_SHC_0002-ORP_003_0003,V_ORP,1期,2#生化池-1#缺氧区ORP分析仪-ORP值
PS1092-BE_SHC_0004-ORP_007_0001,V_ORP,2期,2#生化池-2#后缺氧区ORP分析仪-ORP值
PS1092-BE_SHC_0001-ORP_003_0004,V_ORP,1期,1#生化池-1#缺氧区ORP分析仪-ORP值
PS1092-BE_SHC_0002-ORP_007_0002,V_ORP,1期,2#生化池-2#后缺氧区ORP分析仪-ORP值
PS1092-BE_SHC_0003-ORP_007_0003,V_ORP,2期,1#生化池-2#后缺氧区ORP分析仪-ORP值
PS1092-BE_SHC_0001-ORP_007_0004,V_ORP,1期,1#生化池-2#后缺氧区ORP分析仪-ORP值
PS1092-BE_SHC_0003-DO_002_0001,V_DO,2期,1#生化池-1#好氧区中段DO分析仪-DO值
PS1092-BE_SHC_0001-DO_002_0002,V_DO,1期,1#生化池-1#好氧区中段DO分析仪-DO值
PS1092-BE_SHC_0004-DO_002_0003,V_DO,2期,2#生化池-1#好氧区中段DO分析仪-DO值
PS1092-BE_SHC_0004-DO_002_0004,V_DO,2期,2#生化池-2#好氧区中段DO分析仪-DO值
PS1092-BE_SHC_0002-DO_005_0001,V_DO,1期,2#生化池-2#后好氧区中段DO分析仪-DO值
PS1092-BE_SHC_0002-DO_002_0005,V_DO,1期,2#生化池-1#好氧区中段DO分析仪-DO值
PS1092-BE_SHC_0003-DO_005_0002,V_DO,2期,1#生化池-2#后好氧区中段DO分析仪-DO值
PS1092-BE_SHC_0001-DO_005_0003,V_DO,1期,1#生化池-2#后好氧区中段DO分析仪-DO值
PS1092-BE_SHC_0001-MLSS_001_0001,V_MLSS,1期,1#生化池-1#MLSS分析仪-MLSS值
PS1092-BE_SHC_0002-MLSS_001_0002,V_MLSS,1期,2#生化池-1#MLSS分析仪-MLSS值
PS1092-BE_SHC_0004-MLSS_001_0003,V_MLSS,2期,2#生化池-1#MLSS分析仪-MLSS值
PS1092-BE_SHC_0003-MLSS_001_0004,V_MLSS,2期,1#生化池-1#MLSS分析仪-MLSS值
PS1092-BE_ECC_0001-M_021_0001,S_AUT,1期,1#二沉池-1#吸泥机-手动/自动状态
PS1092-BE_ECC_0001-M_021_0001,A_FLT,1期,1#二沉池-1#吸泥机-故障状态
PS1092-BE_ECC_0001-M_021_0001,S_REM,1期,1#二沉池-1#吸泥机-本地/远程状态
PS1092-BE_ECC_0001-M_021_0001,S_RUN,1期,1#二沉池-1#吸泥机-运行/停止状态
PS1092-BE_ECC_0002-M_021_0002,S_AUT,1期,2#二沉池-1#吸泥机-手动/自动状态
PS1092-BE_ECC_0002-M_021_0002,A_FLT,1期,2#二沉池-1#吸泥机-故障状态
PS1092-BE_ECC_0002-M_021_0002,S_REM,1期,2#二沉池-1#吸泥机-本地/远程状态
PS1092-BE_ECC_0002-M_021_0002,S_RUN,1期,2#二沉池-1#吸泥机-运行/停止状态
PS1092-BE_ECC_0003-M_021_0003,S_AUT,2期,1#二沉池-1#吸泥机-手动/自动状态
PS1092-BE_ECC_0003-M_021_0003,A_FLT,2期,1#二沉池-1#吸泥机-故障状态
PS1092-BE_ECC_0003-M_021_0003,S_REM,2期,1#二沉池-1#吸泥机-本地/远程状态
PS1092-BE_ECC_0003-M_021_0003,S_RUN,2期,1#二沉池-1#吸泥机-运行/停止状态
PS1092-BE_ECC_0004-M_021_0004,S_AUT,2期,2#二沉池-1#吸泥机-手动/自动状态
PS1092-BE_ECC_0004-M_021_0004,A_FLT,2期,2#二沉池-1#吸泥机-故障状态
PS1092-BE_ECC_0004-M_021_0004,S_REM,2期,2#二沉池-1#吸泥机-本地/远程状态
PS1092-BE_ECC_0004-M_021_0004,S_RUN,2期,2#二沉池-1#吸泥机-运行/停止状态
PS1092-BE_WNBF_0002-P_007_0001,V_P,2期,1#污泥泵房-1#外回流污泥泵-功率
PS1092-BE_WNBF_0002-P_007_0001,S_AUT,2期,1#污泥泵房-1#外回流污泥泵-手动/自动状态
PS1092-BE_WNBF_0002-P_007_0001,A_FLT,2期,1#污泥泵房-1#外回流污泥泵-故障状态
PS1092-BE_WNBF_0002-P_007_0001,S_REM,2期,1#污泥泵房-1#外回流污泥泵-本地/远程状态
PS1092-BE_WNBF_0002-P_007_0001,V_I,2期,1#污泥泵房-1#外回流污泥泵-电流
PS1092-BE_WNBF_0002-P_007_0001,S_RUN,2期,1#污泥泵房-1#外回流污泥泵-运行/停止状态
PS1092-BE_WNBF_0002-P_007_0001,V_TRT,2期,1#污泥泵房-1#外回流污泥泵-运行时间
PS1092-BE_WNBF_0002-P_007_0001,V_SIT,2期,1#污泥泵房-1#外回流污泥泵-频率反馈
PS1092-BE_WNBF_0002-P_007_0002,V_P,2期,1#污泥泵房-3#外回流污泥泵-功率
PS1092-BE_WNBF_0002-P_007_0002,S_AUT,2期,1#污泥泵房-3#外回流污泥泵-手动/自动状态
PS1092-BE_WNBF_0002-P_007_0002,A_FLT,2期,1#污泥泵房-3#外回流污泥泵-故障状态
PS1092-BE_WNBF_0002-P_007_0002,S_REM,2期,1#污泥泵房-3#外回流污泥泵-本地/远程状态
PS1092-BE_WNBF_0002-P_007_0002,V_I,2期,1#污泥泵房-3#外回流污泥泵-电流
PS1092-BE_WNBF_0002-P_007_0002,S_RUN,2期,1#污泥泵房-3#外回流污泥泵-运行/停止状态
PS1092-BE_WNBF_0002-P_007_0002,V_TRT,2期,1#污泥泵房-3#外回流污泥泵-运行时间
PS1092-BE_WNBF_0002-P_007_0002,V_SIT,2期,1#污泥泵房-3#外回流污泥泵-频率反馈
PS1092-BE_WNBF_0002-P_008_0001,S_AUT,2期,1#污泥泵房-2#剩余污泥泵-手动/自动状态
PS1092-BE_WNBF_0002-P_008_0001,A_FLT,2期,1#污泥泵房-2#剩余污泥泵-故障状态
PS1092-BE_WNBF_0002-P_008_0001,S_REM,2期,1#污泥泵房-2#剩余污泥泵-本地/远程状态
PS1092-BE_WNBF_0002-P_008_0001,S_RUN,2期,1#污泥泵房-2#剩余污泥泵-运行/停止状态
PS1092-BE_WNBF_0002-P_007_0003,V_P,2期,1#污泥泵房-2#外回流污泥泵-功率
PS1092-BE_WNBF_0002-P_007_0003,S_AUT,2期,1#污泥泵房-2#外回流污泥泵-手动/自动状态
PS1092-BE_WNBF_0002-P_007_0003,A_FLT,2期,1#污泥泵房-2#外回流污泥泵-故障状态
PS1092-BE_WNBF_0002-P_007_0003,S_REM,2期,1#污泥泵房-2#外回流污泥泵-本地/远程状态
PS1092-BE_WNBF_0002-P_007_0003,V_I,2期,1#污泥泵房-2#外回流污泥泵-电流
PS1092-BE_WNBF_0002-P_007_0003,S_RUN,2期,1#污泥泵房-2#外回流污泥泵-运行/停止状态
PS1092-BE_WNBF_0002-P_007_0003,V_TRT,2期,1#污泥泵房-2#外回流污泥泵-运行时间
PS1092-BE_WNBF_0002-P_007_0003,V_SIT,2期,1#污泥泵房-2#外回流污泥泵-频率反馈
PS1092-BE_WNBF_0001-P_007_0004,V_P,1期,1#污泥泵房-1#外回流污泥泵-功率
PS1092-BE_WNBF_0001-P_007_0004,S_AUT,1期,1#污泥泵房-1#外回流污泥泵-手动/自动状态
PS1092-BE_WNBF_0001-P_007_0004,A_FLT,1期,1#污泥泵房-1#外回流污泥泵-故障状态
PS1092-BE_WNBF_0001-P_007_0004,S_REM,1期,1#污泥泵房-1#外回流污泥泵-本地/远程状态
PS1092-BE_WNBF_0001-P_007_0004,V_I,1期,1#污泥泵房-1#外回流污泥泵-电流
PS1092-BE_WNBF_0001-P_007_0004,S_RUN,1期,1#污泥泵房-1#外回流污泥泵-运行/停止状态
PS1092-BE_WNBF_0001-P_007_0004,V_TRT,1期,1#污泥泵房-1#外回流污泥泵-运行时间
PS1092-BE_WNBF_0001-P_007_0004,V_SIT,1期,1#污泥泵房-1#外回流污泥泵-频率反馈
PS1092-BE_WNBF_0002-P_008_0002,S_AUT,2期,1#污泥泵房-1#剩余污泥泵-手动/自动状态
PS1092-BE_WNBF_0002-P_008_0002,A_FLT,2期,1#污泥泵房-1#剩余污泥泵-故障状态
PS1092-BE_WNBF_0002-P_008_0002,S_REM,2期,1#污泥泵房-1#剩余污泥泵-本地/远程状态
PS1092-BE_WNBF_0002-P_008_0002,S_RUN,2期,1#污泥泵房-1#剩余污泥泵-运行/停止状态
PS1092-BE_WNBF_0001-P_008_0003,S_AUT,1期,1#污泥泵房-2#剩余污泥泵-手动/自动状态
PS1092-BE_WNBF_0001-P_008_0003,A_FLT,1期,1#污泥泵房-2#剩余污泥泵-故障状态
PS1092-BE_WNBF_0001-P_008_0003,S_REM,1期,1#污泥泵房-2#剩余污泥泵-本地/远程状态
PS1092-BE_WNBF_0001-P_008_0003,S_RUN,1期,1#污泥泵房-2#剩余污泥泵-运行/停止状态
PS1092-BE_WNBF_0001-P_007_0005,V_P,1期,1#污泥泵房-3#外回流污泥泵-功率
PS1092-BE_WNBF_0001-P_007_0005,S_AUT,1期,1#污泥泵房-3#外回流污泥泵-手动/自动状态
PS1092-BE_WNBF_0001-P_007_0005,A_FLT,1期,1#污泥泵房-3#外回流污泥泵-故障状态
PS1092-BE_WNBF_0001-P_007_0005,S_REM,1期,1#污泥泵房-3#外回流污泥泵-本地/远程状态
PS1092-BE_WNBF_0001-P_007_0005,V_I,1期,1#污泥泵房-3#外回流污泥泵-电流
PS1092-BE_WNBF_0001-P_007_0005,S_RUN,1期,1#污泥泵房-3#外回流污泥泵-运行/停止状态
PS1092-BE_WNBF_0001-P_007_0005,V_TRT,1期,1#污泥泵房-3#外回流污泥泵-运行时间
PS1092-BE_WNBF_0001-P_007_0005,V_SIT,1期,1#污泥泵房-3#外回流污泥泵-频率反馈
PS1092-BE_WNBF_0001-P_007_0006,V_P,1期,1#污泥泵房-2#外回流污泥泵-功率
PS1092-BE_WNBF_0001-P_007_0006,S_AUT,1期,1#污泥泵房-2#外回流污泥泵-手动/自动状态
PS1092-BE_WNBF_0001-P_007_0006,A_FLT,1期,1#污泥泵房-2#外回流污泥泵-故障状态
PS1092-BE_WNBF_0001-P_007_0006,S_REM,1期,1#污泥泵房-2#外回流污泥泵-本地/远程状态
PS1092-BE_WNBF_0001-P_007_0006,V_I,1期,1#污泥泵房-2#外回流污泥泵-电流
PS1092-BE_WNBF_0001-P_007_0006,S_RUN,1期,1#污泥泵房-2#外回流污泥泵-运行/停止状态
PS1092-BE_WNBF_0001-P_007_0006,V_TRT,1期,1#污泥泵房-2#外回流污泥泵-运行时间
PS1092-BE_WNBF_0001-P_007_0006,V_SIT,1期,1#污泥泵房-2#外回流污泥泵-频率反馈
PS1092-BE_WNBF_0001-P_008_0004,S_AUT,1期,1#污泥泵房-1#剩余污泥泵-手动/自动状态
PS1092-BE_WNBF_0001-P_008_0004,A_FLT,1期,1#污泥泵房-1#剩余污泥泵-故障状态
PS1092-BE_WNBF_0001-P_008_0004,S_REM,1期,1#污泥泵房-1#剩余污泥泵-本地/远程状态
PS1092-BE_WNBF_0001-P_008_0004,S_RUN,1期,1#污泥泵房-1#剩余污泥泵-运行/停止状态
PS1092-BE_WNBF_0001-FIT_007_0001,V_LF,1期,1#污泥泵房-1#外回流污泥流量计-瞬时流量
PS1092-BE_WNBF_0001-FIT_007_0001,V_LFQ,1期,1#污泥泵房-1#外回流污泥流量计-累计流量
PS1092-BE_WNBF_0002-FIT_008_0001,V_LF,2期,1#污泥泵房-1#剩余污泥流量计-瞬时流量
PS1092-BE_WNBF_0002-FIT_008_0001,V_LFQ,2期,1#污泥泵房-1#剩余污泥流量计-累计流量
PS1092-BE_WNBF_0002-LIT_003_0001,V_LIT,2期,1#污泥泵房-1#污泥泵房液位计-液位值
PS1092-BE_WNBF_0001-LIT_003_0002,V_LIT,1期,1#污泥泵房-1#污泥泵房液位计-液位值
PS1092-BE_TS_0001-M_036_0001,S_AUT,1期,1#污泥脱水机房-2#输送机-手动/自动状态
PS1092-BE_TS_0001-M_036_0001,A_FLT,1期,1#污泥脱水机房-2#输送机-故障状态
PS1092-BE_TS_0001-M_036_0001,S_REM,1期,1#污泥脱水机房-2#输送机-本地/远程状态
PS1092-BE_TS_0001-M_036_0001,S_RUN,1期,1#污泥脱水机房-2#输送机-运行/停止状态
PS1092-BE_TS_0001-M_036_0002,S_AUT,1期,1#污泥脱水机房-1#输送机-手动/自动状态
PS1092-BE_TS_0001-M_036_0002,A_FLT,1期,1#污泥脱水机房-1#输送机-故障状态
PS1092-BE_TS_0001-M_036_0002,S_REM,1期,1#污泥脱水机房-1#输送机-本地/远程状态
PS1092-BE_TS_0001-M_036_0002,S_RUN,1期,1#污泥脱水机房-1#输送机-运行/停止状态
PS1092-BE_WNNSC_0003-M_033_0001,S_AUT,2期,1#污泥浓缩池-1#浓缩池刮泥机-手动/自动状态
PS1092-BE_WNNSC_0003-M_033_0001,A_FLT,2期,1#污泥浓缩池-1#浓缩池刮泥机-故障状态
PS1092-BE_WNNSC_0003-M_033_0001,S_REM,2期,1#污泥浓缩池-1#浓缩池刮泥机-本地/远程状态
PS1092-BE_WNNSC_0003-M_033_0001,S_RUN,2期,1#污泥浓缩池-1#浓缩池刮泥机-运行/停止状态
PS1092-BE_TS_0001-P_036_0001,S_AUT,1期,1#污泥脱水机房-1#脱水机冲洗泵-手动/自动状态
PS1092-BE_TS_0001-P_036_0001,A_FLT,1期,1#污泥脱水机房-1#脱水机冲洗泵-故障状态
PS1092-BE_TS_0001-P_036_0001,S_REM,1期,1#污泥脱水机房-1#脱水机冲洗泵-本地/远程状态
PS1092-BE_TS_0001-P_036_0001,S_RUN,1期,1#污泥脱水机房-1#脱水机冲洗泵-运行/停止状态
PS1092-BE_TS_0001-P_036_0002,S_AUT,1期,1#污泥脱水机房-2#脱水机冲洗泵-手动/自动状态
PS1092-BE_TS_0001-P_036_0002,A_FLT,1期,1#污泥脱水机房-2#脱水机冲洗泵-故障状态
PS1092-BE_TS_0001-P_036_0002,S_REM,1期,1#污泥脱水机房-2#脱水机冲洗泵-本地/远程状态
PS1092-BE_TS_0001-P_036_0002,S_RUN,1期,1#污泥脱水机房-2#脱水机冲洗泵-运行/停止状态
PS1092-BE_TS_0002-P_036_0003,S_AUT,2期,1#污泥脱水机房-2#脱水机冲洗泵-手动/自动状态
PS1092-BE_TS_0002-P_036_0003,A_FLT,2期,1#污泥脱水机房-2#脱水机冲洗泵-故障状态
PS1092-BE_TS_0002-P_036_0003,S_REM,2期,1#污泥脱水机房-2#脱水机冲洗泵-本地/远程状态
PS1092-BE_TS_0002-P_036_0003,S_RUN,2期,1#污泥脱水机房-2#脱水机冲洗泵-运行/停止状态
PS1092-BE_TS_0002-P_036_0004,S_AUT,2期,1#污泥脱水机房-1#脱水机冲洗泵-手动/自动状态
PS1092-BE_TS_0002-P_036_0004,A_FLT,2期,1#污泥脱水机房-1#脱水机冲洗泵-故障状态
PS1092-BE_TS_0002-P_036_0004,S_REM,2期,1#污泥脱水机房-1#脱水机冲洗泵-本地/远程状态
PS1092-BE_TS_0002-P_036_0004,S_RUN,2期,1#污泥脱水机房-1#脱水机冲洗泵-运行/停止状态
PS1092-BE_TS_0002-P_037_0001,V_P,2期,1#污泥脱水机房-2#浓缩机进泥泵-功率
PS1092-BE_TS_0002-P_037_0001,S_AUT,2期,1#污泥脱水机房-2#浓缩机进泥泵-手动/自动状态
PS1092-BE_TS_0002-P_037_0001,A_FLT,2期,1#污泥脱水机房-2#浓缩机进泥泵-故障状态
PS1092-BE_TS_0002-P_037_0001,S_REM,2期,1#污泥脱水机房-2#浓缩机进泥泵-本地/远程状态
PS1092-BE_TS_0002-P_037_0001,V_I,2期,1#污泥脱水机房-2#浓缩机进泥泵-电流
PS1092-BE_TS_0002-P_037_0001,S_RUN,2期,1#污泥脱水机房-2#浓缩机进泥泵-运行/停止状态
PS1092-BE_TS_0002-P_037_0001,V_TRT,2期,1#污泥脱水机房-2#浓缩机进泥泵-运行时间
PS1092-BE_TS_0002-P_037_0001,V_SIT,2期,1#污泥脱水机房-2#浓缩机进泥泵-频率反馈
PS1092-BE_TS_0002-P_037_0002,V_P,2期,1#污泥脱水机房-1#浓缩机进泥泵-功率
PS1092-BE_TS_0002-P_037_0002,S_AUT,2期,1#污泥脱水机房-1#浓缩机进泥泵-手动/自动状态
PS1092-BE_TS_0002-P_037_0002,A_FLT,2期,1#污泥脱水机房-1#浓缩机进泥泵-故障状态
PS1092-BE_TS_0002-P_037_0002,S_REM,2期,1#污泥脱水机房-1#浓缩机进泥泵-本地/远程状态
PS1092-BE_TS_0002-P_037_0002,V_I,2期,1#污泥脱水机房-1#浓缩机进泥泵-电流
PS1092-BE_TS_0002-P_037_0002,S_RUN,2期,1#污泥脱水机房-1#浓缩机进泥泵-运行/停止状态
PS1092-BE_TS_0002-P_037_0002,V_TRT,2期,1#污泥脱水机房-1#浓缩机进泥泵-运行时间
PS1092-BE_TS_0002-P_037_0002,V_SIT,2期,1#污泥脱水机房-1#浓缩机进泥泵-频率反馈
PS1092-BE_TS_0001-P_043_0001,S_AUT,1期,1#污泥脱水机房-1#泥饼输送泵-手动/自动状态
PS1092-BE_TS_0001-P_043_0001,A_FLT,1期,1#污泥脱水机房-1#泥饼输送泵-故障状态
PS1092-BE_TS_0001-P_043_0001,S_REM,1期,1#污泥脱水机房-1#泥饼输送泵-本地/远程状态
PS1092-BE_TS_0001-P_043_0001,S_RUN,1期,1#污泥脱水机房-1#泥饼输送泵-运行/停止状态
PS1092-BE_TS_0002-P_034_0002,V_P,2期,1#污泥脱水机房-3#脱水机进泥泵-功率
PS1092-BE_TS_0002-P_034_0002,S_AUT,2期,1#污泥脱水机房-3#脱水机进泥泵-手动/自动状态
PS1092-BE_TS_0002-P_034_0002,A_FLT,2期,1#污泥脱水机房-3#脱水机进泥泵-故障状态
PS1092-BE_TS_0002-P_034_0002,S_REM,2期,1#污泥脱水机房-3#脱水机进泥泵-本地/远程状态
PS1092-BE_TS_0002-P_034_0002,V_I,2期,1#污泥脱水机房-3#脱水机进泥泵-电流
PS1092-BE_TS_0002-P_034_0002,S_RUN,2期,1#污泥脱水机房-3#脱水机进泥泵-运行/停止状态
PS1092-BE_TS_0002-P_034_0002,V_TRT,2期,1#污泥脱水机房-3#脱水机进泥泵-运行时间
PS1092-BE_TS_0002-P_034_0002,V_SIT,2期,1#污泥脱水机房-3#脱水机进泥泵-频率反馈
PS1092-BE_TS_0002-P_034_0003,V_P,2期,1#污泥脱水机房-2#脱水机进泥泵-功率
PS1092-BE_TS_0002-P_034_0003,S_AUT,2期,1#污泥脱水机房-2#脱水机进泥泵-手动/自动状态
PS1092-BE_TS_0002-P_034_0003,A_FLT,2期,1#污泥脱水机房-2#脱水机进泥泵-故障状态
PS1092-BE_TS_0002-P_034_0003,S_REM,2期,1#污泥脱水机房-2#脱水机进泥泵-本地/远程状态
PS1092-BE_TS_0002-P_034_0003,V_I,2期,1#污泥脱水机房-2#脱水机进泥泵-电流
PS1092-BE_TS_0002-P_034_0003,S_RUN,2期,1#污泥脱水机房-2#脱水机进泥泵-运行/停止状态
PS1092-BE_TS_0002-P_034_0003,V_TRT,2期,1#污泥脱水机房-2#脱水机进泥泵-运行时间
PS1092-BE_TS_0002-P_034_0003,V_SIT,2期,1#污泥脱水机房-2#脱水机进泥泵-频率反馈
PS1092-BE_TS_0002-P_034_0004,V_P,2期,1#污泥脱水机房-1#脱水机进泥泵-功率
PS1092-BE_TS_0002-P_034_0004,S_AUT,2期,1#污泥脱水机房-1#脱水机进泥泵-手动/自动状态
PS1092-BE_TS_0002-P_034_0004,A_FLT,2期,1#污泥脱水机房-1#脱水机进泥泵-故障状态
PS1092-BE_TS_0002-P_034_0004,S_REM,2期,1#污泥脱水机房-1#脱水机进泥泵-本地/远程状态
PS1092-BE_TS_0002-P_034_0004,V_I,2期,1#污泥脱水机房-1#脱水机进泥泵-电流
PS1092-BE_TS_0002-P_034_0004,S_RUN,2期,1#污泥脱水机房-1#脱水机进泥泵-运行/停止状态
PS1092-BE_TS_0002-P_034_0004,V_TRT,2期,1#污泥脱水机房-1#脱水机进泥泵-运行时间
PS1092-BE_TS_0002-P_034_0004,V_SIT,2期,1#污泥脱水机房-1#脱水机进泥泵-频率反馈
PS1092-BE_TS_0001-P_034_0005,V_P,1期,1#污泥脱水机房-1#脱水机进泥泵-功率
PS1092-BE_TS_0001-P_034_0005,S_AUT,1期,1#污泥脱水机房-1#脱水机进泥泵-手动/自动状态
PS1092-BE_TS_0001-P_034_0005,A_FLT,1期,1#污泥脱水机房-1#脱水机进泥泵-故障状态
PS1092-BE_TS_0001-P_034_0005,S_REM,1期,1#污泥脱水机房-1#脱水机进泥泵-本地/远程状态
PS1092-BE_TS_0001-P_034_0005,V_I,1期,1#污泥脱水机房-1#脱水机进泥泵-电流
PS1092-BE_TS_0001-P_034_0005,S_RUN,1期,1#污泥脱水机房-1#脱水机进泥泵-运行/停止状态
PS1092-BE_TS_0001-P_034_0005,V_TRT,1期,1#污泥脱水机房-1#脱水机进泥泵-运行时间
PS1092-BE_TS_0001-P_034_0005,V_SIT,1期,1#污泥脱水机房-1#脱水机进泥泵-频率反馈
PS1092-BE_TS_0001-M_037_0001,A_FLT,1期,1#污泥脱水机房-1#空压机-故障状态
PS1092-BE_TS_0001-M_037_0001,S_RUN,1期,1#污泥脱水机房-1#空压机-运行/停止状态
PS1092-BE_TS_0001-M_037_0002,A_FLT,1期,1#污泥脱水机房-2#空压机-故障状态
PS1092-BE_TS_0001-M_037_0002,S_RUN,1期,1#污泥脱水机房-2#空压机-运行/停止状态
PS1092-BE_TS_0002-M_037_0003,A_FLT,2期,1#污泥脱水机房-1#空压机-故障状态
PS1092-BE_TS_0002-M_037_0003,S_RUN,2期,1#污泥脱水机房-1#空压机-运行/停止状态
PS1092-BE_TS_0001-M_034_0001,S_AUT,1期,1#污泥脱水机房-2#污泥脱水机-手动/自动状态
PS1092-BE_TS_0001-M_034_0001,A_FLT,1期,1#污泥脱水机房-2#污泥脱水机-故障状态
PS1092-BE_TS_0001-M_034_0001,S_REM,1期,1#污泥脱水机房-2#污泥脱水机-本地/远程状态
PS1092-BE_TS_0001-M_034_0001,S_RUN,1期,1#污泥脱水机房-2#污泥脱水机-运行/停止状态
PS1092-BE_TS_0002-M_034_0002,S_AUT,2期,1#污泥脱水机房-1#污泥脱水机-手动/自动状态
PS1092-BE_TS_0002-M_034_0002,A_FLT,2期,1#污泥脱水机房-1#污泥脱水机-故障状态
PS1092-BE_TS_0002-M_034_0002,S_REM,2期,1#污泥脱水机房-1#污泥脱水机-本地/远程状态
PS1092-BE_TS_0002-M_034_0002,S_RUN,2期,1#污泥脱水机房-1#污泥脱水机-运行/停止状态
PS1092-BE_TS_0002-M_034_0003,S_AUT,2期,1#污泥脱水机房-2#污泥脱水机-手动/自动状态
PS1092-BE_TS_0002-M_034_0003,A_FLT,2期,1#污泥脱水机房-2#污泥脱水机-故障状态
PS1092-BE_TS_0002-M_034_0003,S_REM,2期,1#污泥脱水机房-2#污泥脱水机-本地/远程状态
PS1092-BE_TS_0002-M_034_0003,S_RUN,2期,1#污泥脱水机房-2#污泥脱水机-运行/停止状态
PS1092-BE_TS_0001-FIT_029_0001,V_LF,1期,1#污泥脱水机房-2#进泥泵流量计-瞬时流量
PS1092-BE_TS_0001-FIT_029_0001,V_LFQ,1期,1#污泥脱水机房-2#进泥泵流量计-累计流量
PS1092-BE_TS_0002-FIT_029_0002,V_LF,2期,1#污泥脱水机房-1#进泥泵流量计-瞬时流量
PS1092-BE_TS_0002-FIT_029_0002,V_LFQ,2期,1#污泥脱水机房-1#进泥泵流量计-累计流量
PS1092-BE_TS_0002-FIT_029_0003,V_LF,2期,1#污泥脱水机房-2#进泥泵流量计-瞬时流量
PS1092-BE_TS_0002-FIT_029_0003,V_LFQ,2期,1#污泥脱水机房-2#进泥泵流量计-累计流量
PS1092-BE_TS_0001-FIT_029_0004,V_LF,1期,1#污泥脱水机房-1#进泥泵流量计-瞬时流量
PS1092-BE_TS_0001-FIT_029_0004,V_LFQ,1期,1#污泥脱水机房-1#进泥泵流量计-累计流量
PS1092-BE_WNTLC_0001-LIT_013_0001,V_LIT,2期,1#污泥调理池-1#调理池液位计-液位值
PS1092-BE_WNTLC_0002-LIT_013_0002,V_LIT,2期,2#污泥调理池-2#调理池液位计-液位值
PS1092-BE_HNCD_0001-M_025_0001,S_AUT,1期,1#混凝沉淀池-1#高剪机-手动/自动状态
PS1092-BE_HNCD_0001-M_025_0001,A_FLT,1期,1#混凝沉淀池-1#高剪机-故障状态
PS1092-BE_HNCD_0001-M_025_0001,S_REM,1期,1#混凝沉淀池-1#高剪机-本地/远程状态
PS1092-BE_HNCD_0001-M_025_0001,S_RUN,1期,1#混凝沉淀池-1#高剪机-运行/停止状态
PS1092-BE_HNCD_0002-M_025_0002,S_AUT,2期,1#混凝沉淀池-1#高剪机-手动/自动状态
PS1092-BE_HNCD_0002-M_025_0002,A_FLT,2期,1#混凝沉淀池-1#高剪机-故障状态
PS1092-BE_HNCD_0002-M_025_0002,S_REM,2期,1#混凝沉淀池-1#高剪机-本地/远程状态
PS1092-BE_HNCD_0002-M_025_0002,S_RUN,2期,1#混凝沉淀池-1#高剪机-运行/停止状态
PS1092-BE_HNCD_0002-M_024_0001,S_AUT,2期,1#混凝沉淀池-1#刮泥机-手动/自动状态
PS1092-BE_HNCD_0002-M_024_0001,A_FLT,2期,1#混凝沉淀池-1#刮泥机-故障状态
PS1092-BE_HNCD_0002-M_024_0001,S_REM,2期,1#混凝沉淀池-1#刮泥机-本地/远程状态
PS1092-BE_HNCD_0002-M_024_0001,S_RUN,2期,1#混凝沉淀池-1#刮泥机-运行/停止状态
PS1092-BE_HNCD_0001-M_024_0002,S_AUT,1期,1#混凝沉淀池-1#刮泥机-手动/自动状态
PS1092-BE_HNCD_0001-M_024_0002,A_FLT,1期,1#混凝沉淀池-1#刮泥机-故障状态
PS1092-BE_HNCD_0001-M_024_0002,S_REM,1期,1#混凝沉淀池-1#刮泥机-本地/远程状态
PS1092-BE_HNCD_0001-M_024_0002,S_RUN,1期,1#混凝沉淀池-1#刮泥机-运行/停止状态
PS1092-BE_HNCD_0002-M_040_0001,S_AUT,2期,1#混凝沉淀池-1#磁分离机-手动/自动状态
PS1092-BE_HNCD_0002-M_040_0001,A_FLT,2期,1#混凝沉淀池-1#磁分离机-故障状态
PS1092-BE_HNCD_0002-M_040_0001,S_REM,2期,1#混凝沉淀池-1#磁分离机-本地/远程状态
PS1092-BE_HNCD_0002-M_040_0001,S_RUN,2期,1#混凝沉淀池-1#磁分离机-运行/停止状态
PS1092-BE_HNCD_0001-M_040_0002,S_AUT,1期,1#混凝沉淀池-1#磁分离机-手动/自动状态
PS1092-BE_HNCD_0001-M_040_0002,A_FLT,1期,1#混凝沉淀池-1#磁分离机-故障状态
PS1092-BE_HNCD_0001-M_040_0002,S_REM,1期,1#混凝沉淀池-1#磁分离机-本地/远程状态
PS1092-BE_HNCD_0001-M_040_0002,S_RUN,1期,1#混凝沉淀池-1#磁分离机-运行/停止状态
PS1092-BE_HNCD_0001-P_011_0001,S_AUT,1期,1#混凝沉淀池-1#排泥泵-手动/自动状态
PS1092-BE_HNCD_0001-P_011_0001,A_FLT,1期,1#混凝沉淀池-1#排泥泵-故障状态
PS1092-BE_HNCD_0001-P_011_0001,S_REM,1期,1#混凝沉淀池-1#排泥泵-本地/远程状态
PS1092-BE_HNCD_0001-P_011_0001,S_RUN,1期,1#混凝沉淀池-1#排泥泵-运行/停止状态
PS1092-BE_HNCD_0001-P_010_0001,S_AUT,1期,1#混凝沉淀池-2#回流污泥泵-手动/自动状态
PS1092-BE_HNCD_0001-P_010_0001,A_FLT,1期,1#混凝沉淀池-2#回流污泥泵-故障状态
PS1092-BE_HNCD_0001-P_010_0001,S_REM,1期,1#混凝沉淀池-2#回流污泥泵-本地/远程状态
PS1092-BE_HNCD_0001-P_010_0001,S_RUN,1期,1#混凝沉淀池-2#回流污泥泵-运行/停止状态
PS1092-BE_HNCD_0001-P_010_0001,V_SIT,1期,1#混凝沉淀池-2#回流污泥泵-频率反馈
PS1092-BE_HNCD_0001-P_010_0002,S_AUT,1期,1#混凝沉淀池-1#回流污泥泵-手动/自动状态
PS1092-BE_HNCD_0001-P_010_0002,A_FLT,1期,1#混凝沉淀池-1#回流污泥泵-故障状态
PS1092-BE_HNCD_0001-P_010_0002,S_REM,1期,1#混凝沉淀池-1#回流污泥泵-本地/远程状态
PS1092-BE_HNCD_0001-P_010_0002,S_RUN,1期,1#混凝沉淀池-1#回流污泥泵-运行/停止状态
PS1092-BE_HNCD_0001-P_010_0002,V_SIT,1期,1#混凝沉淀池-1#回流污泥泵-频率反馈
PS1092-BE_HNCD_0002-P_011_0002,S_AUT,2期,1#混凝沉淀池-1#排泥泵-手动/自动状态
PS1092-BE_HNCD_0002-P_011_0002,A_FLT,2期,1#混凝沉淀池-1#排泥泵-故障状态
PS1092-BE_HNCD_0002-P_011_0002,S_REM,2期,1#混凝沉淀池-1#排泥泵-本地/远程状态
PS1092-BE_HNCD_0002-P_011_0002,S_RUN,2期,1#混凝沉淀池-1#排泥泵-运行/停止状态
PS1092-BE_HNCD_0001-P_011_0003,S_AUT,1期,1#混凝沉淀池-2#排泥泵-手动/自动状态
PS1092-BE_HNCD_0001-P_011_0003,A_FLT,1期,1#混凝沉淀池-2#排泥泵-故障状态
PS1092-BE_HNCD_0001-P_011_0003,S_REM,1期,1#混凝沉淀池-2#排泥泵-本地/远程状态
PS1092-BE_HNCD_0001-P_011_0003,S_RUN,1期,1#混凝沉淀池-2#排泥泵-运行/停止状态
PS1092-BE_HNCD_0002-P_010_0003,S_AUT,2期,1#混凝沉淀池-1#回流污泥泵-手动/自动状态
PS1092-BE_HNCD_0002-P_010_0003,A_FLT,2期,1#混凝沉淀池-1#回流污泥泵-故障状态
PS1092-BE_HNCD_0002-P_010_0003,S_REM,2期,1#混凝沉淀池-1#回流污泥泵-本地/远程状态
PS1092-BE_HNCD_0002-P_010_0003,S_RUN,2期,1#混凝沉淀池-1#回流污泥泵-运行/停止状态
PS1092-BE_HNCD_0002-P_010_0003,V_SIT,2期,1#混凝沉淀池-1#回流污泥泵-频率反馈
PS1092-BE_HNCD_0002-P_010_0004,S_AUT,2期,1#混凝沉淀池-2#回流污泥泵-手动/自动状态
PS1092-BE_HNCD_0002-P_010_0004,A_FLT,2期,1#混凝沉淀池-2#回流污泥泵-故障状态
PS1092-BE_HNCD_0002-P_010_0004,S_REM,2期,1#混凝沉淀池-2#回流污泥泵-本地/远程状态
PS1092-BE_HNCD_0002-P_010_0004,S_RUN,2期,1#混凝沉淀池-2#回流污泥泵-运行/停止状态
PS1092-BE_HNCD_0002-P_010_0004,V_SIT,2期,1#混凝沉淀池-2#回流污泥泵-频率反馈
PS1092-BE_JLJ_0001-P_024_0001,S_AUT,2期,1#加氯间-1#次氯酸钠计量泵-手动/自动状态
PS1092-BE_JLJ_0001-P_024_0001,A_FLT,2期,1#加氯间-1#次氯酸钠计量泵-故障状态
PS1092-BE_JLJ_0001-P_024_0001,S_REM,2期,1#加氯间-1#次氯酸钠计量泵-本地/远程状态
PS1092-BE_JLJ_0001-P_024_0001,S_RUN,2期,1#加氯间-1#次氯酸钠计量泵-运行/停止状态
PS1092-BE_JLJ_0001-P_024_0001,V_SIT,2期,1#加氯间-1#次氯酸钠计量泵-频率反馈
PS1092-BE_JY_0003-P_025_0001,S_AUT,2期,2#加药间-2#除磷加药泵-手动/自动状态
PS1092-BE_JY_0003-P_025_0001,A_FLT,2期,2#加药间-2#除磷加药泵-故障状态
PS1092-BE_JY_0003-P_025_0001,S_REM,2期,2#加药间-2#除磷加药泵-本地/远程状态
PS1092-BE_JY_0003-P_025_0001,S_RUN,2期,2#加药间-2#除磷加药泵-运行/停止状态
PS1092-BE_JY_0003-P_025_0001,V_SIT,2期,2#加药间-2#除磷加药泵-频率反馈
PS1092-BE_JLJ_0001-P_024_0002,S_AUT,2期,1#加氯间-2#次氯酸钠计量泵-手动/自动状态
PS1092-BE_JLJ_0001-P_024_0002,A_FLT,2期,1#加氯间-2#次氯酸钠计量泵-故障状态
PS1092-BE_JLJ_0001-P_024_0002,S_REM,2期,1#加氯间-2#次氯酸钠计量泵-本地/远程状态
PS1092-BE_JLJ_0001-P_024_0002,S_RUN,2期,1#加氯间-2#次氯酸钠计量泵-运行/停止状态
PS1092-BE_JLJ_0001-P_024_0002,V_SIT,2期,1#加氯间-2#次氯酸钠计量泵-频率反馈
PS1092-BE_JY_0003-P_025_0002,S_AUT,2期,2#加药间-1#除磷加药泵-手动/自动状态
PS1092-BE_JY_0003-P_025_0002,A_FLT,2期,2#加药间-1#除磷加药泵-故障状态
PS1092-BE_JY_0003-P_025_0002,S_REM,2期,2#加药间-1#除磷加药泵-本地/远程状态
PS1092-BE_JY_0003-P_025_0002,S_RUN,2期,2#加药间-1#除磷加药泵-运行/停止状态
PS1092-BE_JY_0003-P_025_0002,V_SIT,2期,2#加药间-1#除磷加药泵-频率反馈
PS1092-BE_JY_0003-P_025_0003,S_AUT,2期,2#加药间-3#除磷加药泵-手动/自动状态
PS1092-BE_JY_0003-P_025_0003,A_FLT,2期,2#加药间-3#除磷加药泵-故障状态
PS1092-BE_JY_0003-P_025_0003,S_REM,2期,2#加药间-3#除磷加药泵-本地/远程状态
PS1092-BE_JY_0003-P_025_0003,S_RUN,2期,2#加药间-3#除磷加药泵-运行/停止状态
PS1092-BE_JY_0003-P_025_0003,V_SIT,2期,2#加药间-3#除磷加药泵-频率反馈
PS1092-BE_HNCD_0002-M_022_0001,S_AUT,2期,1#混凝沉淀池-1#混合搅拌器-手动/自动状态
PS1092-BE_HNCD_0002-M_022_0001,A_FLT,2期,1#混凝沉淀池-1#混合搅拌器-故障状态
PS1092-BE_HNCD_0002-M_022_0001,S_REM,2期,1#混凝沉淀池-1#混合搅拌器-本地/远程状态
PS1092-BE_HNCD_0002-M_022_0001,S_RUN,2期,1#混凝沉淀池-1#混合搅拌器-运行/停止状态
PS1092-BE_HNCD_0002-M_023_0001,S_AUT,2期,1#混凝沉淀池-1#絮凝搅拌器-手动/自动状态
PS1092-BE_HNCD_0002-M_023_0001,A_FLT,2期,1#混凝沉淀池-1#絮凝搅拌器-故障状态
PS1092-BE_HNCD_0002-M_023_0001,S_REM,2期,1#混凝沉淀池-1#絮凝搅拌器-本地/远程状态
PS1092-BE_HNCD_0002-M_023_0001,S_RUN,2期,1#混凝沉淀池-1#絮凝搅拌器-运行/停止状态
PS1092-BE_HNCD_0002-M_023_0001,V_SIT,2期,1#混凝沉淀池-1#絮凝搅拌器-频率反馈
PS1092-BE_HNCD_0001-M_022_0002,S_AUT,1期,1#混凝沉淀池-1#混合搅拌器-手动/自动状态
PS1092-BE_HNCD_0001-M_022_0002,A_FLT,1期,1#混凝沉淀池-1#混合搅拌器-故障状态
PS1092-BE_HNCD_0001-M_022_0002,S_REM,1期,1#混凝沉淀池-1#混合搅拌器-本地/远程状态
PS1092-BE_HNCD_0001-M_022_0002,S_RUN,1期,1#混凝沉淀池-1#混合搅拌器-运行/停止状态
PS1092-BE_HNCD_0001-M_023_0002,S_AUT,1期,1#混凝沉淀池-1#絮凝搅拌器-手动/自动状态
PS1092-BE_HNCD_0001-M_023_0002,A_FLT,1期,1#混凝沉淀池-1#絮凝搅拌器-故障状态
PS1092-BE_HNCD_0001-M_023_0002,S_REM,1期,1#混凝沉淀池-1#絮凝搅拌器-本地/远程状态
PS1092-BE_HNCD_0001-M_023_0002,S_RUN,1期,1#混凝沉淀池-1#絮凝搅拌器-运行/停止状态
PS1092-BE_HNCD_0001-M_023_0002,V_SIT,1期,1#混凝沉淀池-1#絮凝搅拌器-频率反馈
PS1092-BE_HNCD_0002-FIT_011_0001,V_LF,2期,1#混凝沉淀池-1#排泥流量计-瞬时流量
PS1092-BE_HNCD_0002-FIT_011_0001,V_LFQ,2期,1#混凝沉淀池-1#排泥流量计-累计流量
PS1092-BE_HNCD_0002-FIT_010_0001,V_LF,2期,1#混凝沉淀池-1#回流污泥流量计-瞬时流量
PS1092-BE_HNCD_0002-FIT_010_0001,V_LFQ,2期,1#混凝沉淀池-1#回流污泥流量计-累计流量
PS1092-BE_JY_0003-FIT_022_0001,V_SF,2期,2#加药间-1#除磷加药流量计-瞬时流量
PS1092-BE_JY_0003-FIT_022_0001,V_SFQ,2期,2#加药间-1#除磷加药流量计-累计流量
PS1092-BE_JY_0003-FIT_022_0002,V_SF,2期,2#加药间-2#除磷加药流量计-瞬时流量
PS1092-BE_JY_0003-FIT_022_0002,V_SFQ,2期,2#加药间-2#除磷加药流量计-累计流量
PS1092-BE_HNCD_0001-FIT_010_0002,V_LF,1期,1#混凝沉淀池-1#回流污泥流量计-瞬时流量
PS1092-BE_HNCD_0001-FIT_010_0002,V_LFQ,1期,1#混凝沉淀池-1#回流污泥流量计-累计流量
PS1092-BE_HNCD_0001-FIT_011_0002,V_LF,1期,1#混凝沉淀池-1#排泥流量计-瞬时流量
PS1092-BE_HNCD_0001-FIT_011_0002,V_LFQ,1期,1#混凝沉淀池-1#排泥流量计-累计流量
PS1092-BE_CSKJLC_0001-FIT_036_0001,V_LF,1期,1#出水口计量槽-1#出水总流量计-瞬时流量
PS1092-BE_CSKJLC_0001-FIT_036_0001,V_LFQ,1期,1#出水口计量槽-1#出水总流量计-累计流量
PS1092-BE_HYSC_0001-FIT_026_0001,V_LF,1期,1#回用水池-1#回用水流量计-瞬时流量
PS1092-BE_HYSC_0001-FIT_026_0001,V_LFQ,1期,1#回用水池-1#回用水流量计-累计流量
PS1092-BE_ECTS_0001-P_009_0001,V_P,1期,1#二次提升泵房-2#二次提升泵-功率
PS1092-BE_ECTS_0001-P_009_0001,S_AUT,1期,1#二次提升泵房-2#二次提升泵-手动/自动状态
PS1092-BE_ECTS_0001-P_009_0001,A_FLT,1期,1#二次提升泵房-2#二次提升泵-故障状态
PS1092-BE_ECTS_0001-P_009_0001,S_REM,1期,1#二次提升泵房-2#二次提升泵-本地/远程状态
PS1092-BE_ECTS_0001-P_009_0001,V_I,1期,1#二次提升泵房-2#二次提升泵-电流
PS1092-BE_ECTS_0001-P_009_0001,S_RUN,1期,1#二次提升泵房-2#二次提升泵-运行/停止状态
PS1092-BE_ECTS_0001-P_009_0001,V_TRT,1期,1#二次提升泵房-2#二次提升泵-运行时间
PS1092-BE_ECTS_0001-P_009_0001,V_SIT,1期,1#二次提升泵房-2#二次提升泵-频率反馈
PS1092-BE_ECTS_0001-P_009_0002,V_P,1期,1#二次提升泵房-1#二次提升泵-功率
PS1092-BE_ECTS_0001-P_009_0002,S_AUT,1期,1#二次提升泵房-1#二次提升泵-手动/自动状态
PS1092-BE_ECTS_0001-P_009_0002,A_FLT,1期,1#二次提升泵房-1#二次提升泵-故障状态
PS1092-BE_ECTS_0001-P_009_0002,S_REM,1期,1#二次提升泵房-1#二次提升泵-本地/远程状态
PS1092-BE_ECTS_0001-P_009_0002,V_I,1期,1#二次提升泵房-1#二次提升泵-电流
PS1092-BE_ECTS_0001-P_009_0002,S_RUN,1期,1#二次提升泵房-1#二次提升泵-运行/停止状态
PS1092-BE_ECTS_0001-P_009_0002,V_TRT,1期,1#二次提升泵房-1#二次提升泵-运行时间
PS1092-BE_ECTS_0001-P_009_0002,V_SIT,1期,1#二次提升泵房-1#二次提升泵-频率反馈
PS1092-BE_ECTS_0001-P_009_0003,V_P,1期,1#二次提升泵房-3#二次提升泵-功率
PS1092-BE_ECTS_0001-P_009_0003,S_AUT,1期,1#二次提升泵房-3#二次提升泵-手动/自动状态
PS1092-BE_ECTS_0001-P_009_0003,A_FLT,1期,1#二次提升泵房-3#二次提升泵-故障状态
PS1092-BE_ECTS_0001-P_009_0003,S_REM,1期,1#二次提升泵房-3#二次提升泵-本地/远程状态
PS1092-BE_ECTS_0001-P_009_0003,V_I,1期,1#二次提升泵房-3#二次提升泵-电流
PS1092-BE_ECTS_0001-P_009_0003,S_RUN,1期,1#二次提升泵房-3#二次提升泵-运行/停止状态
PS1092-BE_ECTS_0001-P_009_0003,V_TRT,1期,1#二次提升泵房-3#二次提升泵-运行时间
PS1092-BE_ECTS_0001-P_009_0003,V_SIT,1期,1#二次提升泵房-3#二次提升泵-频率反馈
PS1092-BE_ECTS_0001-LIT_004_0001,V_LIT,1期,1#二次提升泵房-1#液位计-液位值
PS1092-BE_WNNSC_0001-LIT_012_0001,V_LIT,1期,1#污泥浓缩池-1#浓缩池液位计-液位值
PS1092-BE_WNNSC_0002-LIT_012_0002,V_LIT,1期,2#污泥浓缩池-1#浓缩池液位计-液位值
PS1092-BE_WNNSC_0003-LIT_012_0003,V_LIT,2期,1#污泥浓缩池-1#浓缩池液位计-液位值
PS1092-BE_SHC_0002-ORP_002_0001,V_ORP,1期,2#生化池-3#厌氧区ORP分析仪-ORP值
PS1092-BE_SHC_0001-ORP_002_0002,V_ORP,1期,1#生化池-3#厌氧区ORP分析仪-ORP值
PS1092-BE_SHC_0003-ORP_002_0003,V_ORP,2期,1#生化池-3#厌氧区ORP分析仪-ORP值
PS1092-BE_SHC_0004-ORP_002_0004,V_ORP,2期,2#生化池-3#厌氧区ORP分析仪-ORP值
PS1092-BE_CSYB_0001-COD_002_0001,V_COD,1期,1#出水在线监测仪表间-1#COD分析仪-COD值
PS1092-BE_CSYB_0001-TN_002_0001,V_TN,1期,1#出水在线监测仪表间-1#TN分析仪-TN值
PS1092-BE_CSYB_0001-AN_003_0001,V_AN,1期,1#出水在线监测仪表间-1#氨氮分析仪-氨氮值
PS1092-BE_CSYB_0001-TP_002_0001,V_TP,1期,1#出水在线监测仪表间-1#TP分析仪-TP值
PS1092-BE_JSYB_0002-COD_001_0001,V_COD,2期,1#进水在线监测仪表间-1#COD分析仪-COD值
PS1092-BE_JSYB_0002-TN_001_0001,V_TN,2期,1#进水在线监测仪表间-1#TN分析仪-TN值
PS1092-BE_JSYB_0002-AN_001_0001,V_AN,2期,1#进水在线监测仪表间-1#氨氮分析仪-氨氮值
PS1092-BE_JSYB_0002-TP_001_0001,V_TP,2期,1#进水在线监测仪表间-1#TP分析仪-TP值
PS1092-BE_SHC_0001-AN_002_0001,V_AN,1期,1#生化池-1#氨氮分析仪-氨氮值
PS1092-BE_SHC_0001-V_002_0005,S_ZIC,1期,1#生化池-2#曝气支管阀-关到位状态
PS1092-BE_SHC_0001-V_002_0005,S_ZIO,1期,1#生化池-2#曝气支管阀-开到位状态
PS1092-BE_SHC_0001-V_002_0005,V_ZIT,1期,1#生化池-2#曝气支管阀-开度反馈
PS1092-BE_SHC_0001-V_002_0005,S_AUT,1期,1#生化池-2#曝气支管阀-手动/自动状态
PS1092-BE_SHC_0001-V_002_0005,A_FLT,1期,1#生化池-2#曝气支管阀-故障状态
PS1092-BE_SHC_0001-V_002_0005,S_REM,1期,1#生化池-2#曝气支管阀-本地/远程状态
PS1092-BE_SHC_0002-V_002_0006,S_ZIC,1期,2#生化池-2#曝气支管阀-关到位状态
PS1092-BE_SHC_0002-V_002_0006,S_ZIO,1期,2#生化池-2#曝气支管阀-开到位状态
PS1092-BE_SHC_0002-V_002_0006,V_ZIT,1期,2#生化池-2#曝气支管阀-开度反馈
PS1092-BE_SHC_0002-V_002_0006,S_AUT,1期,2#生化池-2#曝气支管阀-手动/自动状态
PS1092-BE_SHC_0002-V_002_0006,A_FLT,1期,2#生化池-2#曝气支管阀-故障状态
PS1092-BE_SHC_0002-V_002_0006,S_REM,1期,2#生化池-2#曝气支管阀-本地/远程状态
PS1092-BE_SHC_0003-AN_002_0002,V_AN,2期,1#生化池-1#氨氮分析仪-氨氮值
PS1092-BE_SHC_0003-V_002_0007,S_ZIC,2期,1#生化池-2#曝气支管阀-关到位状态
PS1092-BE_SHC_0003-V_002_0007,S_ZIO,2期,1#生化池-2#曝气支管阀-开到位状态
PS1092-BE_SHC_0003-V_002_0007,V_ZIT,2期,1#生化池-2#曝气支管阀-开度反馈
PS1092-BE_SHC_0003-V_002_0007,S_AUT,2期,1#生化池-2#曝气支管阀-手动/自动状态
PS1092-BE_SHC_0003-V_002_0007,A_FLT,2期,1#生化池-2#曝气支管阀-故障状态
PS1092-BE_SHC_0003-V_002_0007,S_REM,2期,1#生化池-2#曝气支管阀-本地/远程状态
PS1092-BE_SHC_0004-V_002_0008,S_ZIC,2期,2#生化池-2#曝气支管阀-关到位状态
PS1092-BE_SHC_0004-V_002_0008,S_ZIO,2期,2#生化池-2#曝气支管阀-开到位状态
PS1092-BE_SHC_0004-V_002_0008,V_ZIT,2期,2#生化池-2#曝气支管阀-开度反馈
PS1092-BE_SHC_0004-V_002_0008,S_AUT,2期,2#生化池-2#曝气支管阀-手动/自动状态
PS1092-BE_SHC_0004-V_002_0008,A_FLT,2期,2#生化池-2#曝气支管阀-故障状态
PS1092-BE_SHC_0004-V_002_0008,S_REM,2期,2#生化池-2#曝气支管阀-本地/远程状态
PS1092-BE_ECTS_0001-P_009_0004,V_P,1期,1#二次提升泵房-4#二次提升泵-功率
PS1092-BE_ECTS_0001-P_009_0004,S_AUT,1期,1#二次提升泵房-4#二次提升泵-手动/自动状态
PS1092-BE_ECTS_0001-P_009_0004,A_FLT,1期,1#二次提升泵房-4#二次提升泵-故障状态
PS1092-BE_ECTS_0001-P_009_0004,S_REM,1期,1#二次提升泵房-4#二次提升泵-本地/远程状态
PS1092-BE_ECTS_0001-P_009_0004,V_I,1期,1#二次提升泵房-4#二次提升泵-电流
PS1092-BE_ECTS_0001-P_009_0004,S_RUN,1期,1#二次提升泵房-4#二次提升泵-运行/停止状态
PS1092-BE_ECTS_0001-P_009_0004,V_TRT,1期,1#二次提升泵房-4#二次提升泵-运行时间
PS1092-BE_ECTS_0001-P_009_0004,V_SIT,1期,1#二次提升泵房-4#二次提升泵-频率反馈
PS1092-BE_ECC_0001-M_020_0001,S_AUT,1期,1#二沉池-1#刮泥机-手动/自动状态
PS1092-BE_ECC_0001-M_020_0001,A_FLT,1期,1#二沉池-1#刮泥机-故障状态
PS1092-BE_ECC_0001-M_020_0001,S_REM,1期,1#二沉池-1#刮泥机-本地/远程状态
PS1092-BE_ECC_0001-M_020_0001,S_RUN,1期,1#二沉池-1#刮泥机-运行/停止状态
PS1092-BE_ECC_0001-M_020_0002,S_AUT,1期,1#二沉池-2#刮泥机-手动/自动状态
PS1092-BE_ECC_0001-M_020_0002,A_FLT,1期,1#二沉池-2#刮泥机-故障状态
PS1092-BE_ECC_0001-M_020_0002,S_REM,1期,1#二沉池-2#刮泥机-本地/远程状态
PS1092-BE_ECC_0001-M_020_0002,S_RUN,1期,1#二沉池-2#刮泥机-运行/停止状态
PS1092-BE_CNC_0001-M_032_0001,S_AUT,1期,1#储泥池-1#储泥池搅拌器-手动/自动状态
PS1092-BE_CNC_0001-M_032_0001,A_FLT,1期,1#储泥池-1#储泥池搅拌器-故障状态
PS1092-BE_CNC_0001-M_032_0001,S_REM,1期,1#储泥池-1#储泥池搅拌器-本地/远程状态
PS1092-BE_CNC_0001-M_032_0001,S_RUN,1期,1#储泥池-1#储泥池搅拌器-运行/停止状态
PS1092-BE_CNC_0001-LIT_011_0001,V_LIT,1期,1#储泥池-1#储泥池液位计-液位值
PS1092-BE_CNC_0001-M_032_0002,S_AUT,1期,1#储泥池-2#储泥池搅拌器-手动/自动状态
PS1092-BE_CNC_0001-M_032_0002,A_FLT,1期,1#储泥池-2#储泥池搅拌器-故障状态
PS1092-BE_CNC_0001-M_032_0002,S_REM,1期,1#储泥池-2#储泥池搅拌器-本地/远程状态
PS1092-BE_CNC_0001-M_032_0002,S_RUN,1期,1#储泥池-2#储泥池搅拌器-运行/停止状态
PS1092-BE_CNC_0001-LIT_011_0002,V_LIT,1期,1#储泥池-2#储泥池液位计-液位值
PS1092-BE_CSYB_0001-SS_002_0001,V_SS,1期,1#出水在线监测仪表间-1#SS分析仪-SS值
PS1092-BE_CSYB_0001-PH_004_0001,V_PH,1期,1#出水在线监测仪表间-1#pH/T分析仪-PH值
PS1092-BE_TS_0001-P_037_0004,V_P,1期,1#污泥脱水机房-2#浓缩机进泥泵-功率
PS1092-BE_TS_0001-P_037_0004,S_AUT,1期,1#污泥脱水机房-2#浓缩机进泥泵-手动/自动状态
PS1092-BE_TS_0001-P_037_0004,A_FLT,1期,1#污泥脱水机房-2#浓缩机进泥泵-故障状态
PS1092-BE_TS_0001-P_037_0004,S_REM,1期,1#污泥脱水机房-2#浓缩机进泥泵-本地/远程状态
PS1092-BE_TS_0001-P_037_0004,V_I,1期,1#污泥脱水机房-2#浓缩机进泥泵-电流
PS1092-BE_TS_0001-P_037_0004,S_RUN,1期,1#污泥脱水机房-2#浓缩机进泥泵-运行/停止状态
PS1092-BE_TS_0001-P_037_0004,V_TRT,1期,1#污泥脱水机房-2#浓缩机进泥泵-运行时间
PS1092-BE_TS_0001-P_037_0004,V_SIT,1期,1#污泥脱水机房-2#浓缩机进泥泵-频率反馈
PS1092-BE_CSC_0001-M_008_0001,S_AUT,1期,1#沉砂池-1#吸砂机-手动/自动状态
PS1092-BE_CSC_0001-M_008_0001,A_FLT,1期,1#沉砂池-1#吸砂机-故障状态
PS1092-BE_CSC_0001-M_008_0001,S_REM,1期,1#沉砂池-1#吸砂机-本地/远程状态
PS1092-BE_CSC_0001-M_008_0001,S_RUN,1期,1#沉砂池-1#吸砂机-运行/停止状态
PS1092-BE_HNCD_0001-M_024_0003,S_AUT,1期,1#混凝沉淀池-2#刮泥机-手动/自动状态
PS1092-BE_HNCD_0001-M_024_0003,A_FLT,1期,1#混凝沉淀池-2#刮泥机-故障状态
PS1092-BE_HNCD_0001-M_024_0003,S_REM,1期,1#混凝沉淀池-2#刮泥机-本地/远程状态
PS1092-BE_HNCD_0001-M_024_0003,S_RUN,1期,1#混凝沉淀池-2#刮泥机-运行/停止状态
PS1092-BE_HNCD_0001-FIT_010_0003,V_LF,1期,1#混凝沉淀池-2#回流污泥流量计-瞬时流量
PS1092-BE_HNCD_0001-FIT_010_0003,V_LFQ,1期,1#混凝沉淀池-2#回流污泥流量计-累计流量
PS1092-BE_HNCD_0001-FIT_011_0003,V_LF,1期,1#混凝沉淀池-2#排泥流量计-瞬时流量
PS1092-BE_HNCD_0001-FIT_011_0003,V_LFQ,1期,1#混凝沉淀池-2#排泥流量计-累计流量
PS1092-BE_HNCD_0001-M_022_0003,S_AUT,1期,1#混凝沉淀池-2#混合搅拌器-手动/自动状态
PS1092-BE_HNCD_0001-M_022_0003,A_FLT,1期,1#混凝沉淀池-2#混合搅拌器-故障状态
PS1092-BE_HNCD_0001-M_022_0003,S_REM,1期,1#混凝沉淀池-2#混合搅拌器-本地/远程状态
PS1092-BE_HNCD_0001-M_022_0003,S_RUN,1期,1#混凝沉淀池-2#混合搅拌器-运行/停止状态
PS1092-BE_HNCD_0001-M_023_0003,S_AUT,1期,1#混凝沉淀池-2#絮凝搅拌器-手动/自动状态
PS1092-BE_HNCD_0001-M_023_0003,A_FLT,1期,1#混凝沉淀池-2#絮凝搅拌器-故障状态
PS1092-BE_HNCD_0001-M_023_0003,S_REM,1期,1#混凝沉淀池-2#絮凝搅拌器-本地/远程状态
PS1092-BE_HNCD_0001-M_023_0003,S_RUN,1期,1#混凝沉淀池-2#絮凝搅拌器-运行/停止状态
PS1092-BE_HNCD_0001-M_023_0003,V_SIT,1期,1#混凝沉淀池-2#絮凝搅拌器-频率反馈
PS1092-BE_LC_0001-P_012_0001,S_AUT,1期,1#滤池-1#反冲洗泵-手动/自动状态
PS1092-BE_LC_0001-P_012_0001,A_FLT,1期,1#滤池-1#反冲洗泵-故障状态
PS1092-BE_LC_0001-P_012_0001,S_REM,1期,1#滤池-1#反冲洗泵-本地/远程状态
PS1092-BE_LC_0001-P_012_0001,S_RUN,1期,1#滤池-1#反冲洗泵-运行/停止状态
PS1092-BE_LC_0001-P_012_0001,V_SIT,1期,1#滤池-1#反冲洗泵-频率反馈
PS1092-BE_LC_0001-C_004_0001,S_AUT,1期,1#滤池-1#反冲洗风机-手动/自动状态
PS1092-BE_LC_0001-C_004_0001,A_FLT,1期,1#滤池-1#反冲洗风机-故障状态
PS1092-BE_LC_0001-C_004_0001,S_REM,1期,1#滤池-1#反冲洗风机-本地/远程状态
PS1092-BE_LC_0001-C_004_0001,S_RUN,1期,1#滤池-1#反冲洗风机-运行/停止状态
PS1092-BE_LC_0001-C_004_0001,V_SIT,1期,1#滤池-1#反冲洗风机-频率反馈
PS1092-BE_LC_0001-C_005_0001,V_OP,1期,1#滤池-1#曝气风机-出口压力
PS1092-BE_LC_0001-C_005_0001,V_OTIT,1期,1#滤池-1#曝气风机-出口温度
PS1092-BE_LC_0001-C_005_0001,V_P,1期,1#滤池-1#曝气风机-功率
PS1092-BE_LC_0001-C_005_0001,S_AUT,1期,1#滤池-1#曝气风机-手动/自动状态
PS1092-BE_LC_0001-C_005_0001,A_FLT,1期,1#滤池-1#曝气风机-故障状态
PS1092-BE_LC_0001-C_005_0001,S_REM,1期,1#滤池-1#曝气风机-本地/远程状态
PS1092-BE_LC_0001-C_005_0001,V_MTIT,1期,1#滤池-1#曝气风机-电机温度
PS1092-BE_LC_0001-C_005_0001,V_I,1期,1#滤池-1#曝气风机-电流
PS1092-BE_LC_0001-C_005_0001,V_SIT,1期,1#滤池-1#曝气风机-调节反馈
PS1092-BE_LC_0001-C_005_0001,S_RUN,1期,1#滤池-1#曝气风机-运行/停止状态
PS1092-BE_LC_0001-C_005_0001,V_TRT,1期,1#滤池-1#曝气风机-运行时间
PS1092-BE_LC_0001-C_005_0001,V_ITIT,1期,1#滤池-1#曝气风机-进口温度
PS1092-BE_LC_0001-C_005_0001,V_IF,1期,1#滤池-1#曝气风机-进口风量
PS1092-BE_LC_0001-P_012_0002,S_AUT,1期,1#滤池-2#反冲洗泵-手动/自动状态
PS1092-BE_LC_0001-P_012_0002,A_FLT,1期,1#滤池-2#反冲洗泵-故障状态
PS1092-BE_LC_0001-P_012_0002,S_REM,1期,1#滤池-2#反冲洗泵-本地/远程状态
PS1092-BE_LC_0001-P_012_0002,S_RUN,1期,1#滤池-2#反冲洗泵-运行/停止状态
PS1092-BE_LC_0001-P_012_0002,V_SIT,1期,1#滤池-2#反冲洗泵-频率反馈
PS1092-BE_LC_0001-C_004_0002,S_AUT,1期,1#滤池-2#反冲洗风机-手动/自动状态
PS1092-BE_LC_0001-C_004_0002,A_FLT,1期,1#滤池-2#反冲洗风机-故障状态
PS1092-BE_LC_0001-C_004_0002,S_REM,1期,1#滤池-2#反冲洗风机-本地/远程状态
PS1092-BE_LC_0001-C_004_0002,S_RUN,1期,1#滤池-2#反冲洗风机-运行/停止状态
PS1092-BE_LC_0001-C_004_0002,V_SIT,1期,1#滤池-2#反冲洗风机-频率反馈
PS1092-BE_LC_0001-C_005_0002,V_OP,1期,1#滤池-2#曝气风机-出口压力
PS1092-BE_LC_0001-C_005_0002,V_OTIT,1期,1#滤池-2#曝气风机-出口温度
PS1092-BE_LC_0001-C_005_0002,V_P,1期,1#滤池-2#曝气风机-功率
PS1092-BE_LC_0001-C_005_0002,S_AUT,1期,1#滤池-2#曝气风机-手动/自动状态
PS1092-BE_LC_0001-C_005_0002,A_FLT,1期,1#滤池-2#曝气风机-故障状态
PS1092-BE_LC_0001-C_005_0002,S_REM,1期,1#滤池-2#曝气风机-本地/远程状态
PS1092-BE_LC_0001-C_005_0002,V_MTIT,1期,1#滤池-2#曝气风机-电机温度
PS1092-BE_LC_0001-C_005_0002,V_I,1期,1#滤池-2#曝气风机-电流
PS1092-BE_LC_0001-C_005_0002,V_SIT,1期,1#滤池-2#曝气风机-调节反馈
PS1092-BE_LC_0001-C_005_0002,S_RUN,1期,1#滤池-2#曝气风机-运行/停止状态
PS1092-BE_LC_0001-C_005_0002,V_TRT,1期,1#滤池-2#曝气风机-运行时间
PS1092-BE_LC_0001-C_005_0002,V_ITIT,1期,1#滤池-2#曝气风机-进口温度
PS1092-BE_LC_0001-C_005_0002,V_IF,1期,1#滤池-2#曝气风机-进口风量
PS1092-BE_LC_0001-P_012_0003,S_AUT,1期,1#滤池-3#反冲洗泵-手动/自动状态
PS1092-BE_LC_0001-P_012_0003,A_FLT,1期,1#滤池-3#反冲洗泵-故障状态
PS1092-BE_LC_0001-P_012_0003,S_REM,1期,1#滤池-3#反冲洗泵-本地/远程状态
PS1092-BE_LC_0001-P_012_0003,S_RUN,1期,1#滤池-3#反冲洗泵-运行/停止状态
PS1092-BE_LC_0001-P_012_0003,V_SIT,1期,1#滤池-3#反冲洗泵-频率反馈
PS1092-BE_SHC_0001-M_015_0005,S_AUT,1期,1#生化池-1#厌氧区搅拌器-手动/自动状态
PS1092-BE_SHC_0001-M_015_0005,A_FLT,1期,1#生化池-1#厌氧区搅拌器-故障状态
PS1092-BE_SHC_0001-M_015_0005,S_REM,1期,1#生化池-1#厌氧区搅拌器-本地/远程状态
PS1092-BE_SHC_0001-M_015_0005,V_I,1期,1#生化池-1#厌氧区搅拌器-电流
PS1092-BE_SHC_0001-M_015_0005,S_RUN,1期,1#生化池-1#厌氧区搅拌器-运行/停止状态
PS1092-BE_SHC_0001-M_015_0005,V_TRT,1期,1#生化池-1#厌氧区搅拌器-运行时间
PS1092-BE_SHC_0001-M_038_0006,S_AUT,1期,1#生化池-1#后缺氧区推流器-手动/自动状态
PS1092-BE_SHC_0001-M_038_0006,A_FLT,1期,1#生化池-1#后缺氧区推流器-故障状态
PS1092-BE_SHC_0001-M_038_0006,S_REM,1期,1#生化池-1#后缺氧区推流器-本地/远程状态
PS1092-BE_SHC_0001-M_038_0006,V_I,1期,1#生化池-1#后缺氧区推流器-电流
PS1092-BE_SHC_0001-M_038_0006,S_RUN,1期,1#生化池-1#后缺氧区推流器-运行/停止状态
PS1092-BE_SHC_0001-M_038_0006,V_TRT,1期,1#生化池-1#后缺氧区推流器-运行时间
PS1092-BE_SHC_0001-M_017_0003,S_AUT,1期,1#生化池-1#好氧区推流器-手动/自动状态
PS1092-BE_SHC_0001-M_017_0003,A_FLT,1期,1#生化池-1#好氧区推流器-故障状态
PS1092-BE_SHC_0001-M_017_0003,S_REM,1期,1#生化池-1#好氧区推流器-本地/远程状态
PS1092-BE_SHC_0001-M_017_0003,V_I,1期,1#生化池-1#好氧区推流器-电流
PS1092-BE_SHC_0001-M_017_0003,S_RUN,1期,1#生化池-1#好氧区推流器-运行/停止状态
PS1092-BE_SHC_0001-M_017_0003,V_TRT,1期,1#生化池-1#好氧区推流器-运行时间
PS1092-BE_SHC_0001-M_016_0020,S_AUT,1期,1#生化池-1#缺氧区推流器-手动/自动状态
PS1092-BE_SHC_0001-M_016_0020,A_FLT,1期,1#生化池-1#缺氧区推流器-故障状态
PS1092-BE_SHC_0001-M_016_0020,S_REM,1期,1#生化池-1#缺氧区推流器-本地/远程状态
PS1092-BE_SHC_0001-M_016_0020,V_I,1期,1#生化池-1#缺氧区推流器-电流
PS1092-BE_SHC_0001-M_016_0020,S_RUN,1期,1#生化池-1#缺氧区推流器-运行/停止状态
PS1092-BE_SHC_0001-M_016_0020,V_TRT,1期,1#生化池-1#缺氧区推流器-运行时间
PS1092-BE_SHC_0001-M_013_0005,S_AUT,1期,1#生化池-1#脱气区搅拌器-手动/自动状态
PS1092-BE_SHC_0001-M_013_0005,A_FLT,1期,1#生化池-1#脱气区搅拌器-故障状态
PS1092-BE_SHC_0001-M_013_0005,S_REM,1期,1#生化池-1#脱气区搅拌器-本地/远程状态
PS1092-BE_SHC_0001-M_013_0005,V_I,1期,1#生化池-1#脱气区搅拌器-电流
PS1092-BE_SHC_0001-M_013_0005,S_RUN,1期,1#生化池-1#脱气区搅拌器-运行/停止状态
PS1092-BE_SHC_0001-M_013_0005,V_TRT,1期,1#生化池-1#脱气区搅拌器-运行时间
PS1092-BE_SHC_0001-V_002_0009,S_ZIC,1期,1#生化池-10#曝气支管阀-关到位状态
PS1092-BE_SHC_0001-V_002_0009,S_ZIO,1期,1#生化池-10#曝气支管阀-开到位状态
PS1092-BE_SHC_0001-V_002_0009,V_ZIT,1期,1#生化池-10#曝气支管阀-开度反馈
PS1092-BE_SHC_0001-V_002_0009,S_AUT,1期,1#生化池-10#曝气支管阀-手动/自动状态
PS1092-BE_SHC_0001-V_002_0009,A_FLT,1期,1#生化池-10#曝气支管阀-故障状态
PS1092-BE_SHC_0001-V_002_0009,S_REM,1期,1#生化池-10#曝气支管阀-本地/远程状态
PS1092-BE_SHC_0001-V_002_0010,S_ZIC,1期,1#生化池-11#曝气支管阀-关到位状态
PS1092-BE_SHC_0001-V_002_0010,S_ZIO,1期,1#生化池-11#曝气支管阀-开到位状态
PS1092-BE_SHC_0001-V_002_0010,V_ZIT,1期,1#生化池-11#曝气支管阀-开度反馈
PS1092-BE_SHC_0001-V_002_0010,S_AUT,1期,1#生化池-11#曝气支管阀-手动/自动状态
PS1092-BE_SHC_0001-V_002_0010,A_FLT,1期,1#生化池-11#曝气支管阀-故障状态
PS1092-BE_SHC_0001-V_002_0010,S_REM,1期,1#生化池-11#曝气支管阀-本地/远程状态
PS1092-BE_SHC_0001-V_002_0011,S_ZIC,1期,1#生化池-12#曝气支管阀-关到位状态
PS1092-BE_SHC_0001-V_002_0011,S_ZIO,1期,1#生化池-12#曝气支管阀-开到位状态
PS1092-BE_SHC_0001-V_002_0011,V_ZIT,1期,1#生化池-12#曝气支管阀-开度反馈
PS1092-BE_SHC_0001-V_002_0011,S_AUT,1期,1#生化池-12#曝气支管阀-手动/自动状态
PS1092-BE_SHC_0001-V_002_0011,A_FLT,1期,1#生化池-12#曝气支管阀-故障状态
PS1092-BE_SHC_0001-V_002_0011,S_REM,1期,1#生化池-12#曝气支管阀-本地/远程状态
PS1092-BE_SHC_0001-V_002_0012,S_ZIC,1期,1#生化池-13#曝气支管阀-关到位状态
PS1092-BE_SHC_0001-V_002_0012,S_ZIO,1期,1#生化池-13#曝气支管阀-开到位状态
PS1092-BE_SHC_0001-V_002_0012,V_ZIT,1期,1#生化池-13#曝气支管阀-开度反馈
PS1092-BE_SHC_0001-V_002_0012,S_AUT,1期,1#生化池-13#曝气支管阀-手动/自动状态
PS1092-BE_SHC_0001-V_002_0012,A_FLT,1期,1#生化池-13#曝气支管阀-故障状态
PS1092-BE_SHC_0001-V_002_0012,S_REM,1期,1#生化池-13#曝气支管阀-本地/远程状态
PS1092-BE_SHC_0001-V_002_0013,S_ZIC,1期,1#生化池-14#曝气支管阀-关到位状态
PS1092-BE_SHC_0001-V_002_0013,S_ZIO,1期,1#生化池-14#曝气支管阀-开到位状态
PS1092-BE_SHC_0001-V_002_0013,V_ZIT,1期,1#生化池-14#曝气支管阀-开度反馈
PS1092-BE_SHC_0001-V_002_0013,S_AUT,1期,1#生化池-14#曝气支管阀-手动/自动状态
PS1092-BE_SHC_0001-V_002_0013,A_FLT,1期,1#生化池-14#曝气支管阀-故障状态
PS1092-BE_SHC_0001-V_002_0013,S_REM,1期,1#生化池-14#曝气支管阀-本地/远程状态
PS1092-BE_SHC_0001-M_038_0007,S_AUT,1期,1#生化池-2#后缺氧区推流器-手动/自动状态
PS1092-BE_SHC_0001-M_038_0007,A_FLT,1期,1#生化池-2#后缺氧区推流器-故障状态
PS1092-BE_SHC_0001-M_038_0007,S_REM,1期,1#生化池-2#后缺氧区推流器-本地/远程状态
PS1092-BE_SHC_0001-M_038_0007,V_I,1期,1#生化池-2#后缺氧区推流器-电流
PS1092-BE_SHC_0001-M_038_0007,S_RUN,1期,1#生化池-2#后缺氧区推流器-运行/停止状态
PS1092-BE_SHC_0001-M_038_0007,V_TRT,1期,1#生化池-2#后缺氧区推流器-运行时间
PS1092-BE_SHC_0001-M_017_0004,S_AUT,1期,1#生化池-2#好氧区推流器-手动/自动状态
PS1092-BE_SHC_0001-M_017_0004,A_FLT,1期,1#生化池-2#好氧区推流器-故障状态
PS1092-BE_SHC_0001-M_017_0004,S_REM,1期,1#生化池-2#好氧区推流器-本地/远程状态
PS1092-BE_SHC_0001-M_017_0004,V_I,1期,1#生化池-2#好氧区推流器-电流
PS1092-BE_SHC_0001-M_017_0004,S_RUN,1期,1#生化池-2#好氧区推流器-运行/停止状态
PS1092-BE_SHC_0001-M_017_0004,V_TRT,1期,1#生化池-2#好氧区推流器-运行时间
PS1092-BE_SHC_0001-M_016_0021,S_AUT,1期,1#生化池-2#缺氧区推流器-手动/自动状态
PS1092-BE_SHC_0001-M_016_0021,A_FLT,1期,1#生化池-2#缺氧区推流器-故障状态
PS1092-BE_SHC_0001-M_016_0021,S_REM,1期,1#生化池-2#缺氧区推流器-本地/远程状态
PS1092-BE_SHC_0001-M_016_0021,V_I,1期,1#生化池-2#缺氧区推流器-电流
PS1092-BE_SHC_0001-M_016_0021,S_RUN,1期,1#生化池-2#缺氧区推流器-运行/停止状态
PS1092-BE_SHC_0001-M_016_0021,V_TRT,1期,1#生化池-2#缺氧区推流器-运行时间
PS1092-BE_SHC_0001-M_013_0006,S_AUT,1期,1#生化池-2#脱气区搅拌器-手动/自动状态
PS1092-BE_SHC_0001-M_013_0006,A_FLT,1期,1#生化池-2#脱气区搅拌器-故障状态
PS1092-BE_SHC_0001-M_013_0006,S_REM,1期,1#生化池-2#脱气区搅拌器-本地/远程状态
PS1092-BE_SHC_0001-M_013_0006,V_I,1期,1#生化池-2#脱气区搅拌器-电流
PS1092-BE_SHC_0001-M_013_0006,S_RUN,1期,1#生化池-2#脱气区搅拌器-运行/停止状态
PS1092-BE_SHC_0001-M_013_0006,V_TRT,1期,1#生化池-2#脱气区搅拌器-运行时间
PS1092-BE_SHC_0001-M_014_0005,S_AUT,1期,1#生化池-2#预缺氧区搅拌器-手动/自动状态
PS1092-BE_SHC_0001-M_014_0005,A_FLT,1期,1#生化池-2#预缺氧区搅拌器-故障状态
PS1092-BE_SHC_0001-M_014_0005,S_REM,1期,1#生化池-2#预缺氧区搅拌器-本地/远程状态
PS1092-BE_SHC_0001-M_014_0005,V_I,1期,1#生化池-2#预缺氧区搅拌器-电流
PS1092-BE_SHC_0001-M_014_0005,S_RUN,1期,1#生化池-2#预缺氧区搅拌器-运行/停止状态
PS1092-BE_SHC_0001-M_014_0005,V_TRT,1期,1#生化池-2#预缺氧区搅拌器-运行时间
PS1092-BE_SHC_0001-M_015_0006,S_AUT,1期,1#生化池-3#厌氧区搅拌器-手动/自动状态
PS1092-BE_SHC_0001-M_015_0006,A_FLT,1期,1#生化池-3#厌氧区搅拌器-故障状态
PS1092-BE_SHC_0001-M_015_0006,S_REM,1期,1#生化池-3#厌氧区搅拌器-本地/远程状态
PS1092-BE_SHC_0001-M_015_0006,V_I,1期,1#生化池-3#厌氧区搅拌器-电流
PS1092-BE_SHC_0001-M_015_0006,S_RUN,1期,1#生化池-3#厌氧区搅拌器-运行/停止状态
PS1092-BE_SHC_0001-M_015_0006,V_TRT,1期,1#生化池-3#厌氧区搅拌器-运行时间
PS1092-BE_SHC_0001-M_038_0008,S_AUT,1期,1#生化池-3#后缺氧区推流器-手动/自动状态
PS1092-BE_SHC_0001-M_038_0008,A_FLT,1期,1#生化池-3#后缺氧区推流器-故障状态
PS1092-BE_SHC_0001-M_038_0008,S_REM,1期,1#生化池-3#后缺氧区推流器-本地/远程状态
PS1092-BE_SHC_0001-M_038_0008,V_I,1期,1#生化池-3#后缺氧区推流器-电流
PS1092-BE_SHC_0001-M_038_0008,S_RUN,1期,1#生化池-3#后缺氧区推流器-运行/停止状态
PS1092-BE_SHC_0001-M_038_0008,V_TRT,1期,1#生化池-3#后缺氧区推流器-运行时间
PS1092-BE_SHC_0001-M_017_0005,S_AUT,1期,1#生化池-3#好氧区推流器-手动/自动状态
PS1092-BE_SHC_0001-M_017_0005,A_FLT,1期,1#生化池-3#好氧区推流器-故障状态
PS1092-BE_SHC_0001-M_017_0005,S_REM,1期,1#生化池-3#好氧区推流器-本地/远程状态
PS1092-BE_SHC_0001-M_017_0005,V_I,1期,1#生化池-3#好氧区推流器-电流
PS1092-BE_SHC_0001-M_017_0005,S_RUN,1期,1#生化池-3#好氧区推流器-运行/停止状态
PS1092-BE_SHC_0001-M_017_0005,V_TRT,1期,1#生化池-3#好氧区推流器-运行时间
PS1092-BE_SHC_0001-V_002_0014,S_ZIC,1期,1#生化池-3#曝气支管阀-关到位状态
PS1092-BE_SHC_0001-V_002_0014,S_ZIO,1期,1#生化池-3#曝气支管阀-开到位状态
PS1092-BE_SHC_0001-V_002_0014,V_ZIT,1期,1#生化池-3#曝气支管阀-开度反馈
PS1092-BE_SHC_0001-V_002_0014,S_AUT,1期,1#生化池-3#曝气支管阀-手动/自动状态
PS1092-BE_SHC_0001-V_002_0014,A_FLT,1期,1#生化池-3#曝气支管阀-故障状态
PS1092-BE_SHC_0001-V_002_0014,S_REM,1期,1#生化池-3#曝气支管阀-本地/远程状态
PS1092-BE_SHC_0001-M_015_0007,S_AUT,1期,1#生化池-4#厌氧区搅拌器-手动/自动状态
PS1092-BE_SHC_0001-M_015_0007,A_FLT,1期,1#生化池-4#厌氧区搅拌器-故障状态
PS1092-BE_SHC_0001-M_015_0007,S_REM,1期,1#生化池-4#厌氧区搅拌器-本地/远程状态
PS1092-BE_SHC_0001-M_015_0007,V_I,1期,1#生化池-4#厌氧区搅拌器-电流
PS1092-BE_SHC_0001-M_015_0007,S_RUN,1期,1#生化池-4#厌氧区搅拌器-运行/停止状态
PS1092-BE_SHC_0001-M_015_0007,V_TRT,1期,1#生化池-4#厌氧区搅拌器-运行时间
PS1092-BE_SHC_0001-M_038_0009,S_AUT,1期,1#生化池-4#后缺氧区推流器-手动/自动状态
PS1092-BE_SHC_0001-M_038_0009,A_FLT,1期,1#生化池-4#后缺氧区推流器-故障状态
PS1092-BE_SHC_0001-M_038_0009,S_REM,1期,1#生化池-4#后缺氧区推流器-本地/远程状态
PS1092-BE_SHC_0001-M_038_0009,V_I,1期,1#生化池-4#后缺氧区推流器-电流
PS1092-BE_SHC_0001-M_038_0009,S_RUN,1期,1#生化池-4#后缺氧区推流器-运行/停止状态
PS1092-BE_SHC_0001-M_038_0009,V_TRT,1期,1#生化池-4#后缺氧区推流器-运行时间
PS1092-BE_SHC_0001-M_017_0006,S_AUT,1期,1#生化池-4#好氧区推流器-手动/自动状态
PS1092-BE_SHC_0001-M_017_0006,A_FLT,1期,1#生化池-4#好氧区推流器-故障状态
PS1092-BE_SHC_0001-M_017_0006,S_REM,1期,1#生化池-4#好氧区推流器-本地/远程状态
PS1092-BE_SHC_0001-M_017_0006,V_I,1期,1#生化池-4#好氧区推流器-电流
PS1092-BE_SHC_0001-M_017_0006,S_RUN,1期,1#生化池-4#好氧区推流器-运行/停止状态
PS1092-BE_SHC_0001-M_017_0006,V_TRT,1期,1#生化池-4#好氧区推流器-运行时间
PS1092-BE_SHC_0001-V_002_0015,S_ZIC,1期,1#生化池-4#曝气支管阀-关到位状态
PS1092-BE_SHC_0001-V_002_0015,S_ZIO,1期,1#生化池-4#曝气支管阀-开到位状态
PS1092-BE_SHC_0001-V_002_0015,V_ZIT,1期,1#生化池-4#曝气支管阀-开度反馈
PS1092-BE_SHC_0001-V_002_0015,S_AUT,1期,1#生化池-4#曝气支管阀-手动/自动状态
PS1092-BE_SHC_0001-V_002_0015,A_FLT,1期,1#生化池-4#曝气支管阀-故障状态
PS1092-BE_SHC_0001-V_002_0015,S_REM,1期,1#生化池-4#曝气支管阀-本地/远程状态
PS1092-BE_SHC_0001-V_002_0016,S_ZIC,1期,1#生化池-5#曝气支管阀-关到位状态
PS1092-BE_SHC_0001-V_002_0016,S_ZIO,1期,1#生化池-5#曝气支管阀-开到位状态
PS1092-BE_SHC_0001-V_002_0016,V_ZIT,1期,1#生化池-5#曝气支管阀-开度反馈
PS1092-BE_SHC_0001-V_002_0016,S_AUT,1期,1#生化池-5#曝气支管阀-手动/自动状态
PS1092-BE_SHC_0001-V_002_0016,A_FLT,1期,1#生化池-5#曝气支管阀-故障状态
PS1092-BE_SHC_0001-V_002_0016,S_REM,1期,1#生化池-5#曝气支管阀-本地/远程状态
PS1092-BE_SHC_0001-V_002_0017,S_ZIC,1期,1#生化池-6#曝气支管阀-关到位状态
PS1092-BE_SHC_0001-V_002_0017,S_ZIO,1期,1#生化池-6#曝气支管阀-开到位状态
PS1092-BE_SHC_0001-V_002_0017,V_ZIT,1期,1#生化池-6#曝气支管阀-开度反馈
PS1092-BE_SHC_0001-V_002_0017,S_AUT,1期,1#生化池-6#曝气支管阀-手动/自动状态
PS1092-BE_SHC_0001-V_002_0017,A_FLT,1期,1#生化池-6#曝气支管阀-故障状态
PS1092-BE_SHC_0001-V_002_0017,S_REM,1期,1#生化池-6#曝气支管阀-本地/远程状态
PS1092-BE_SHC_0001-V_002_0018,S_ZIC,1期,1#生化池-7#曝气支管阀-关到位状态
PS1092-BE_SHC_0001-V_002_0018,S_ZIO,1期,1#生化池-7#曝气支管阀-开到位状态
PS1092-BE_SHC_0001-V_002_0018,V_ZIT,1期,1#生化池-7#曝气支管阀-开度反馈
PS1092-BE_SHC_0001-V_002_0018,S_AUT,1期,1#生化池-7#曝气支管阀-手动/自动状态
PS1092-BE_SHC_0001-V_002_0018,A_FLT,1期,1#生化池-7#曝气支管阀-故障状态
PS1092-BE_SHC_0001-V_002_0018,S_REM,1期,1#生化池-7#曝气支管阀-本地/远程状态
PS1092-BE_SHC_0001-M_016_0022,S_AUT,1期,1#生化池-7#缺氧区推流器-手动/自动状态
PS1092-BE_SHC_0001-M_016_0022,A_FLT,1期,1#生化池-7#缺氧区推流器-故障状态
PS1092-BE_SHC_0001-M_016_0022,S_REM,1期,1#生化池-7#缺氧区推流器-本地/远程状态
PS1092-BE_SHC_0001-M_016_0022,V_I,1期,1#生化池-7#缺氧区推流器-电流
PS1092-BE_SHC_0001-M_016_0022,S_RUN,1期,1#生化池-7#缺氧区推流器-运行/停止状态
PS1092-BE_SHC_0001-M_016_0022,V_TRT,1期,1#生化池-7#缺氧区推流器-运行时间
PS1092-BE_SHC_0001-V_002_0019,S_ZIC,1期,1#生化池-8#曝气支管阀-关到位状态
PS1092-BE_SHC_0001-V_002_0019,S_ZIO,1期,1#生化池-8#曝气支管阀-开到位状态
PS1092-BE_SHC_0001-V_002_0019,V_ZIT,1期,1#生化池-8#曝气支管阀-开度反馈
PS1092-BE_SHC_0001-V_002_0019,S_AUT,1期,1#生化池-8#曝气支管阀-手动/自动状态
PS1092-BE_SHC_0001-V_002_0019,A_FLT,1期,1#生化池-8#曝气支管阀-故障状态
PS1092-BE_SHC_0001-V_002_0019,S_REM,1期,1#生化池-8#曝气支管阀-本地/远程状态
PS1092-BE_SHC_0001-M_016_0023,S_AUT,1期,1#生化池-8#缺氧区推流器-手动/自动状态
PS1092-BE_SHC_0001-M_016_0023,A_FLT,1期,1#生化池-8#缺氧区推流器-故障状态
PS1092-BE_SHC_0001-M_016_0023,S_REM,1期,1#生化池-8#缺氧区推流器-本地/远程状态
PS1092-BE_SHC_0001-M_016_0023,V_I,1期,1#生化池-8#缺氧区推流器-电流
PS1092-BE_SHC_0001-M_016_0023,S_RUN,1期,1#生化池-8#缺氧区推流器-运行/停止状态
PS1092-BE_SHC_0001-M_016_0023,V_TRT,1期,1#生化池-8#缺氧区推流器-运行时间
PS1092-BE_SHC_0001-V_002_0020,S_ZIC,1期,1#生化池-9#曝气支管阀-关到位状态
PS1092-BE_SHC_0001-V_002_0020,S_ZIO,1期,1#生化池-9#曝气支管阀-开到位状态
PS1092-BE_SHC_0001-V_002_0020,V_ZIT,1期,1#生化池-9#曝气支管阀-开度反馈
PS1092-BE_SHC_0001-V_002_0020,S_AUT,1期,1#生化池-9#曝气支管阀-手动/自动状态
PS1092-BE_SHC_0001-V_002_0020,A_FLT,1期,1#生化池-9#曝气支管阀-故障状态
PS1092-BE_SHC_0001-V_002_0020,S_REM,1期,1#生化池-9#曝气支管阀-本地/远程状态
PS1092-BE_CGS_0001-LDT_001_0001,V_LDT,1期,1#粗格栅-1#液位差计-液位差值
PS1092-BE_CGS_0001-LDT_001_0002,V_LDT,1期,1#粗格栅-2#液位差计-液位差值
PS1092-BE_CGS_0001-V_001_0005,S_ZIC,1期,1#粗格栅-3#总进水闸门-关到位状态
PS1092-BE_CGS_0001-V_001_0005,S_ZIO,1期,1#粗格栅-3#总进水闸门-开到位状态
PS1092-BE_CGS_0001-V_001_0005,A_FLT,1期,1#粗格栅-3#总进水闸门-故障状态
PS1092-BE_CGS_0001-V_001_0006,S_ZIC,1期,1#粗格栅-4#总进水闸门-关到位状态
PS1092-BE_CGS_0001-V_001_0006,S_ZIO,1期,1#粗格栅-4#总进水闸门-开到位状态
PS1092-BE_CGS_0001-V_001_0006,A_FLT,1期,1#粗格栅-4#总进水闸门-故障状态
PS1092-BE_JSYB_0001-COD_001_0002,V_COD,1期,1#进水在线监测仪表间-1#COD分析仪-COD值
PS1092-BE_JSYB_0001-SS_001_0001,V_SS,1期,1#进水在线监测仪表间-1#SS分析仪-SS值
PS1092-BE_JSYB_0001-TN_001_0002,V_TN,1期,1#进水在线监测仪表间-1#TN分析仪-TN值
PS1092-BE_JSYB_0001-TP_001_0002,V_TP,1期,1#进水在线监测仪表间-1#TP分析仪-TP值
PS1092-BE_JSYB_0001-AN_001_0002,V_AN,1期,1#进水在线监测仪表间-1#氨氮分析仪-氨氮值
PS1092-BE_JY_0004-P_026_0005,S_AUT,1期,2#加药间-1#碳源加药泵-手动/自动状态
PS1092-BE_JY_0004-P_026_0005,A_FLT,1期,2#加药间-1#碳源加药泵-故障状态
PS1092-BE_JY_0004-P_026_0005,S_REM,1期,2#加药间-1#碳源加药泵-本地/远程状态
PS1092-BE_JY_0004-P_026_0005,S_RUN,1期,2#加药间-1#碳源加药泵-运行/停止状态
PS1092-BE_JY_0004-P_026_0005,V_SIT,1期,2#加药间-1#碳源加药泵-频率反馈
PS1092-BE_JY_0004-FIT_023_0005,V_SF,1期,2#加药间-1#碳源加药流量计-瞬时流量
PS1092-BE_JY_0004-FIT_023_0005,V_SFQ,1期,2#加药间-1#碳源加药流量计-累计流量
PS1092-BE_JY_0004-P_026_0006,S_AUT,1期,2#加药间-2#碳源加药泵-手动/自动状态
PS1092-BE_JY_0004-P_026_0006,A_FLT,1期,2#加药间-2#碳源加药泵-故障状态
PS1092-BE_JY_0004-P_026_0006,S_REM,1期,2#加药间-2#碳源加药泵-本地/远程状态
PS1092-BE_JY_0004-P_026_0006,S_RUN,1期,2#加药间-2#碳源加药泵-运行/停止状态
PS1092-BE_JY_0004-P_026_0006,V_SIT,1期,2#加药间-2#碳源加药泵-频率反馈
PS1092-BE_JY_0004-FIT_023_0006,V_SF,1期,2#加药间-2#碳源加药流量计-瞬时流量
PS1092-BE_JY_0004-FIT_023_0006,V_SFQ,1期,2#加药间-2#碳源加药流量计-累计流量
PS1092-BE_JY_0004-P_026_0007,S_AUT,1期,2#加药间-3#碳源加药泵-手动/自动状态
PS1092-BE_JY_0004-P_026_0007,A_FLT,1期,2#加药间-3#碳源加药泵-故障状态
PS1092-BE_JY_0004-P_026_0007,S_REM,1期,2#加药间-3#碳源加药泵-本地/远程状态
PS1092-BE_JY_0004-P_026_0007,S_RUN,1期,2#加药间-3#碳源加药泵-运行/停止状态
PS1092-BE_JY_0004-P_026_0007,V_SIT,1期,2#加药间-3#碳源加药泵-频率反馈
PS1092-BE_WNBF_0003-P_008_0005,S_AUT,1期,2#污泥泵房-1#剩余污泥泵-手动/自动状态
PS1092-BE_WNBF_0003-P_008_0005,A_FLT,1期,2#污泥泵房-1#剩余污泥泵-故障状态
PS1092-BE_WNBF_0003-P_008_0005,S_REM,1期,2#污泥泵房-1#剩余污泥泵-本地/远程状态
PS1092-BE_WNBF_0003-P_008_0005,S_RUN,1期,2#污泥泵房-1#剩余污泥泵-运行/停止状态
PS1092-BE_WNBF_0003-FIT_008_0002,V_LF,1期,2#污泥泵房-1#剩余污泥流量计-瞬时流量
PS1092-BE_WNBF_0003-FIT_008_0002,V_LFQ,1期,2#污泥泵房-1#剩余污泥流量计-累计流量
PS1092-BE_WNBF_0003-FIT_007_0002,V_LF,1期,2#污泥泵房-1#外回流污泥流量计-瞬时流量
PS1092-BE_WNBF_0003-FIT_007_0002,V_LFQ,1期,2#污泥泵房-1#外回流污泥流量计-累计流量
PS1092-BE_WNBF_0003-P_008_0006,S_AUT,1期,2#污泥泵房-2#剩余污泥泵-手动/自动状态
PS1092-BE_WNBF_0003-P_008_0006,A_FLT,1期,2#污泥泵房-2#剩余污泥泵-故障状态
PS1092-BE_WNBF_0003-P_008_0006,S_REM,1期,2#污泥泵房-2#剩余污泥泵-本地/远程状态
PS1092-BE_WNBF_0003-P_008_0006,S_RUN,1期,2#污泥泵房-2#剩余污泥泵-运行/停止状态
PS1092-BE_WNBF_0003-FIT_008_0003,V_LF,1期,2#污泥泵房-2#剩余污泥流量计-瞬时流量
PS1092-BE_WNBF_0003-FIT_008_0003,V_LFQ,1期,2#污泥泵房-2#剩余污泥流量计-累计流量
PS1092-BE_WNBF_0003-FIT_007_0003,V_LF,1期,2#污泥泵房-2#外回流污泥流量计-瞬时流量
PS1092-BE_WNBF_0003-FIT_007_0003,V_LFQ,1期,2#污泥泵房-2#外回流污泥流量计-累计流量
PS1092-BE_GFJF_0003-PIT_001_0001,V_PIT,1期,2#鼓风机房-1#总管压力变送器-压力值
PS1092-BE_JY_0005-P_025_0004,S_AUT,1期,6#加药间-1#除磷加药泵-手动/自动状态
PS1092-BE_JY_0005-P_025_0004,A_FLT,1期,6#加药间-1#除磷加药泵-故障状态
PS1092-BE_JY_0005-P_025_0004,S_REM,1期,6#加药间-1#除磷加药泵-本地/远程状态
PS1092-BE_JY_0005-P_025_0004,S_RUN,1期,6#加药间-1#除磷加药泵-运行/停止状态
PS1092-BE_JY_0005-P_025_0004,V_SIT,1期,6#加药间-1#除磷加药泵-频率反馈
PS1092-BE_JY_0005-FIT_022_0003,V_SF,1期,6#加药间-1#除磷加药流量计-瞬时流量
PS1092-BE_JY_0005-FIT_022_0003,V_SFQ,1期,6#加药间-1#除磷加药流量计-累计流量
PS1092-BE_JY_0005-P_025_0005,S_AUT,1期,6#加药间-2#除磷加药泵-手动/自动状态
PS1092-BE_JY_0005-P_025_0005,A_FLT,1期,6#加药间-2#除磷加药泵-故障状态
PS1092-BE_JY_0005-P_025_0005,S_REM,1期,6#加药间-2#除磷加药泵-本地/远程状态
PS1092-BE_JY_0005-P_025_0005,S_RUN,1期,6#加药间-2#除磷加药泵-运行/停止状态
PS1092-BE_JY_0005-P_025_0005,V_SIT,1期,6#加药间-2#除磷加药泵-频率反馈
PS1092-BE_JY_0005-FIT_022_0004,V_SF,1期,6#加药间-2#除磷加药流量计-瞬时流量
PS1092-BE_JY_0005-FIT_022_0004,V_SFQ,1期,6#加药间-2#除磷加药流量计-累计流量
PS1092-BE_JY_0005-P_025_0006,S_AUT,1期,6#加药间-3#除磷加药泵-手动/自动状态
PS1092-BE_JY_0005-P_025_0006,A_FLT,1期,6#加药间-3#除磷加药泵-故障状态
PS1092-BE_JY_0005-P_025_0006,S_REM,1期,6#加药间-3#除磷加药泵-本地/远程状态
PS1092-BE_JY_0005-P_025_0006,S_RUN,1期,6#加药间-3#除磷加药泵-运行/停止状态
PS1092-BE_JY_0005-P_025_0006,V_SIT,1期,6#加药间-3#除磷加药泵-频率反馈
PS1092-BE_TS_0001-M_034_0005,S_AUT,1期,1#污泥脱水机房-1#污泥脱水机-手动/自动状态
PS1092-BE_TS_0001-M_034_0005,A_FLT,1期,1#污泥脱水机房-1#污泥脱水机-故障状态
PS1092-BE_TS_0001-M_034_0005,S_REM,1期,1#污泥脱水机房-1#污泥脱水机-本地/远程状态
PS1092-BE_TS_0001-M_034_0005,S_RUN,1期,1#污泥脱水机房-1#污泥脱水机-运行/停止状态
PS1092-BE_TS_0001-P_034_0006,V_P,1期,1#污泥脱水机房-2#脱水机进泥泵-功率
PS1092-BE_TS_0001-P_034_0006,S_AUT,1期,1#污泥脱水机房-2#脱水机进泥泵-手动/自动状态
PS1092-BE_TS_0001-P_034_0006,A_FLT,1期,1#污泥脱水机房-2#脱水机进泥泵-故障状态
PS1092-BE_TS_0001-P_034_0006,S_REM,1期,1#污泥脱水机房-2#脱水机进泥泵-本地/远程状态
PS1092-BE_TS_0001-P_034_0006,V_I,1期,1#污泥脱水机房-2#脱水机进泥泵-电流
PS1092-BE_TS_0001-P_034_0006,S_RUN,1期,1#污泥脱水机房-2#脱水机进泥泵-运行/停止状态
PS1092-BE_TS_0001-P_034_0006,V_TRT,1期,1#污泥脱水机房-2#脱水机进泥泵-运行时间
PS1092-BE_TS_0001-P_034_0006,V_SIT,1期,1#污泥脱水机房-2#脱水机进泥泵-频率反馈
PS1092-BE_TS_0001-FIT_035_0001,V_SF,1期,1#污泥脱水机房-1#絮凝剂(PAM)加药泵流量计-瞬时流量
PS1092-BE_TS_0001-FIT_035_0001,V_SFQ,1期,1#污泥脱水机房-1#絮凝剂(PAM)加药泵流量计-累计流量
PS1092-BE_TS_0001-P_042_0001,S_AUT,1期,1#污泥脱水机房-1#脱水机加药泵(PAM)-手动/自动状态
PS1092-BE_TS_0001-P_042_0001,A_FLT,1期,1#污泥脱水机房-1#脱水机加药泵(PAM)-故障状态
PS1092-BE_TS_0001-P_042_0001,S_REM,1期,1#污泥脱水机房-1#脱水机加药泵(PAM)-本地/远程状态
PS1092-BE_TS_0001-P_042_0001,S_RUN,1期,1#污泥脱水机房-1#脱水机加药泵(PAM)-运行/停止状态
PS1092-BE_TS_0001-P_042_0001,V_SIT,1期,1#污泥脱水机房-1#脱水机加药泵(PAM)-频率反馈
PS1092-BE_TS_0001-FIT_035_0002,V_SF,1期,1#污泥脱水机房-2#絮凝剂(PAM)加药泵流量计-瞬时流量
PS1092-BE_TS_0001-FIT_035_0002,V_SFQ,1期,1#污泥脱水机房-2#絮凝剂(PAM)加药泵流量计-累计流量
PS1092-BE_TS_0001-P_042_0002,S_AUT,1期,1#污泥脱水机房-2#脱水机加药泵(PAM)-手动/自动状态
PS1092-BE_TS_0001-P_042_0002,A_FLT,1期,1#污泥脱水机房-2#脱水机加药泵(PAM)-故障状态
PS1092-BE_TS_0001-P_042_0002,S_REM,1期,1#污泥脱水机房-2#脱水机加药泵(PAM)-本地/远程状态
PS1092-BE_TS_0001-P_042_0002,S_RUN,1期,1#污泥脱水机房-2#脱水机加药泵(PAM)-运行/停止状态
PS1092-BE_TS_0001-P_042_0002,V_SIT,1期,1#污泥脱水机房-2#脱水机加药泵(PAM)-频率反馈
PS1092-BE_JY_0005-P_041_0001,S_AUT,1期,6#加药间-1#絮凝剂(PAM)加药泵-手动/自动状态
PS1092-BE_JY_0005-P_041_0001,A_FLT,1期,6#加药间-1#絮凝剂(PAM)加药泵-故障状态
PS1092-BE_JY_0005-P_041_0001,S_REM,1期,6#加药间-1#絮凝剂(PAM)加药泵-本地/远程状态
PS1092-BE_JY_0005-P_041_0001,S_RUN,1期,6#加药间-1#絮凝剂(PAM)加药泵-运行/停止状态
PS1092-BE_JY_0005-P_041_0001,V_SIT,1期,6#加药间-1#絮凝剂(PAM)加药泵-频率反馈
PS1092-BE_JY_0005-FIT_033_0001,V_SF,1期,6#加药间-1#絮凝剂(PAM)加药流量计-瞬时流量
PS1092-BE_JY_0005-FIT_033_0001,V_SFQ,1期,6#加药间-1#絮凝剂(PAM)加药流量计-累计流量
PS1092-BE_JY_0005-P_041_0002,S_AUT,1期,6#加药间-2#絮凝剂(PAM)加药泵-手动/自动状态
PS1092-BE_JY_0005-P_041_0002,A_FLT,1期,6#加药间-2#絮凝剂(PAM)加药泵-故障状态
PS1092-BE_JY_0005-P_041_0002,S_REM,1期,6#加药间-2#絮凝剂(PAM)加药泵-本地/远程状态
PS1092-BE_JY_0005-P_041_0002,S_RUN,1期,6#加药间-2#絮凝剂(PAM)加药泵-运行/停止状态
PS1092-BE_JY_0005-P_041_0002,V_SIT,1期,6#加药间-2#絮凝剂(PAM)加药泵-频率反馈
PS1092-BE_JY_0005-FIT_033_0002,V_SF,1期,6#加药间-2#絮凝剂(PAM)加药流量计-瞬时流量
PS1092-BE_JY_0005-FIT_033_0002,V_SFQ,1期,6#加药间-2#絮凝剂(PAM)加药流量计-累计流量
PS1092-BE_JY_0005-P_041_0003,S_AUT,1期,6#加药间-3#絮凝剂(PAM)加药泵-手动/自动状态
PS1092-BE_JY_0005-P_041_0003,A_FLT,1期,6#加药间-3#絮凝剂(PAM)加药泵-故障状态
PS1092-BE_JY_0005-P_041_0003,S_REM,1期,6#加药间-3#絮凝剂(PAM)加药泵-本地/远程状态
PS1092-BE_JY_0005-P_041_0003,S_RUN,1期,6#加药间-3#絮凝剂(PAM)加药泵-运行/停止状态
PS1092-BE_JY_0005-P_041_0003,V_SIT,1期,6#加药间-3#絮凝剂(PAM)加药泵-频率反馈
PS1092-BE_JY_0003-P_041_0004,S_AUT,2期,2#加药间-1#絮凝剂(PAM)加药泵-手动/自动状态
PS1092-BE_JY_0003-P_041_0004,A_FLT,2期,2#加药间-1#絮凝剂(PAM)加药泵-故障状态
PS1092-BE_JY_0003-P_041_0004,S_REM,2期,2#加药间-1#絮凝剂(PAM)加药泵-本地/远程状态
PS1092-BE_JY_0003-P_041_0004,S_RUN,2期,2#加药间-1#絮凝剂(PAM)加药泵-运行/停止状态
PS1092-BE_JY_0003-P_041_0004,V_SIT,2期,2#加药间-1#絮凝剂(PAM)加药泵-频率反馈
PS1092-BE_JY_0003-FIT_033_0003,V_SF,2期,2#加药间-1#絮凝剂(PAM)加药流量计-瞬时流量
PS1092-BE_JY_0003-FIT_033_0003,V_SFQ,2期,2#加药间-1#絮凝剂(PAM)加药流量计-累计流量
PS1092-BE_JY_0003-P_041_0005,S_AUT,2期,2#加药间-2#絮凝剂(PAM)加药泵-手动/自动状态
PS1092-BE_JY_0003-P_041_0005,A_FLT,2期,2#加药间-2#絮凝剂(PAM)加药泵-故障状态
PS1092-BE_JY_0003-P_041_0005,S_REM,2期,2#加药间-2#絮凝剂(PAM)加药泵-本地/远程状态
PS1092-BE_JY_0003-P_041_0005,S_RUN,2期,2#加药间-2#絮凝剂(PAM)加药泵-运行/停止状态
PS1092-BE_JY_0003-P_041_0005,V_SIT,2期,2#加药间-2#絮凝剂(PAM)加药泵-频率反馈
PS1092-BE_JY_0003-FIT_033_0004,V_SF,2期,2#加药间-2#絮凝剂(PAM)加药流量计-瞬时流量
PS1092-BE_JY_0003-FIT_033_0004,V_SFQ,2期,2#加药间-2#絮凝剂(PAM)加药流量计-累计流量
PS1092-BE_JY_0003-P_041_0006,S_AUT,2期,2#加药间-3#絮凝剂(PAM)加药泵-手动/自动状态
PS1092-BE_JY_0003-P_041_0006,A_FLT,2期,2#加药间-3#絮凝剂(PAM)加药泵-故障状态
PS1092-BE_JY_0003-P_041_0006,S_REM,2期,2#加药间-3#絮凝剂(PAM)加药泵-本地/远程状态
PS1092-BE_JY_0003-P_041_0006,S_RUN,2期,2#加药间-3#絮凝剂(PAM)加药泵-运行/停止状态
PS1092-BE_JY_0003-P_041_0006,V_SIT,2期,2#加药间-3#絮凝剂(PAM)加药泵-频率反馈
PS1092-BE_HNCD_0002-OP_002_0001,V_OP,2期,1#混凝沉淀池-1#正磷酸盐分析仪-正磷酸盐值
PS1092-BE_DLJLXT_0001-EM_004_0001,V_EP,1期,1#电量计量系统-1#二次提升系统多功能电表-总有功电量
PS1092-BE_DLJLXT_0001-EM_008_0001,V_EP,1期,1#电量计量系统-1#外回流系统多功能电表-总有功电量
PS1092-BE_DLJLXT_0001-EM_010_0001,V_EP,1期,1#电量计量系统-1#曝气风机系统多功能电表-总有功电量
PS1092-BE_DLJLXT_0001-EM_015_0001,V_EP,1期,1#电量计量系统-1#污泥脱水系统多功能电表-总有功电量
PS1092-BE_DLJLXT_0001-EM_012_0001,V_EP,1期,1#电量计量系统-1#生化池混合系统多功能电表-总有功电量
PS1092-BE_DLJLXT_0001-EM_002_0001,V_EP,1期,1#电量计量系统-1#进水提升系统多功能电表-总有功电量
PS1092-BE_DLJLXT_0002-EM_008_0002,V_EP,2期,1#电量计量系统-1#外回流系统多功能电表-总有功电量
PS1092-BE_DLJLXT_0002-EM_010_0002,V_EP,2期,1#电量计量系统-1#曝气风机系统多功能电表-总有功电量
PS1092-BE_DLJLXT_0002-EM_015_0002,V_EP,2期,1#电量计量系统-1#污泥脱水系统多功能电表-总有功电量
PS1092-BE_DLJLXT_0002-EM_012_0002,V_EP,2期,1#电量计量系统-1#生化池混合系统多功能电表-总有功电量
PS1092-BE_DLJLXT_0002-EM_002_0002,V_EP,2期,1#电量计量系统-1#进水提升系统多功能电表-总有功电量
PS1092-BE_SHC_0001-FIT_005_0001,V_GF,1期,1#生化池-1#曝气支管气体流量计-瞬时流量
PS1092-BE_SHC_0001-FIT_005_0001,V_GFQ,1期,1#生化池-1#曝气支管气体流量计-累计流量
PS1092-BE_SHC_0001-NN_001_0001,V_NN,1期,1#生化池-1#硝氮分析仪-硝氮值
PS1092-BE_SHC_0002-FIT_005_0002,V_GF,1期,2#生化池-1#曝气支管气体流量计-瞬时流量
PS1092-BE_SHC_0002-FIT_005_0002,V_GFQ,1期,2#生化池-1#曝气支管气体流量计-累计流量
PS1092-BE_SHC_0002-NN_001_0002,V_NN,1期,2#生化池-1#硝氮分析仪-硝氮值
PS1092-BE_SHC_0001-TIT_002_0001,V_TIT,1期,1#生化池-1#温度计-温度值
PS1092-BE_SHC_0002-AN_002_0003,V_AN,1期,2#生化池-1#氨氮分析仪-氨氮值
PS1092-BE_SHC_0002-V_002_0022,S_REM,1期,2#生化池-4#曝气支管阀-本地/远程状态
PS1092-BE_SHC_0002-V_002_0022,S_AUT,1期,2#生化池-4#曝气支管阀-手动/自动状态
PS1092-BE_SHC_0002-V_002_0022,S_ZIO,1期,2#生化池-4#曝气支管阀-开到位状态
PS1092-BE_SHC_0002-V_002_0022,S_ZIC,1期,2#生化池-4#曝气支管阀-关到位状态
PS1092-BE_SHC_0002-V_002_0022,A_FLT,1期,2#生化池-4#曝气支管阀-故障状态
PS1092-BE_SHC_0002-V_002_0022,V_ZIT,1期,2#生化池-4#曝气支管阀-开度反馈
PS1092-BE_SHC_0002-V_002_0026,S_REM,1期,2#生化池-8#曝气支管阀-本地/远程状态
PS1092-BE_SHC_0002-V_002_0026,S_AUT,1期,2#生化池-8#曝气支管阀-手动/自动状态
PS1092-BE_SHC_0002-V_002_0026,S_ZIO,1期,2#生化池-8#曝气支管阀-开到位状态
PS1092-BE_SHC_0002-V_002_0026,S_ZIC,1期,2#生化池-8#曝气支管阀-关到位状态
PS1092-BE_SHC_0002-V_002_0026,A_FLT,1期,2#生化池-8#曝气支管阀-故障状态
PS1092-BE_SHC_0002-V_002_0026,V_ZIT,1期,2#生化池-8#曝气支管阀-开度反馈
PS1092-BE_SHC_0002-V_002_0023,S_REM,1期,2#生化池-5#曝气支管阀-本地/远程状态
PS1092-BE_SHC_0002-V_002_0023,S_AUT,1期,2#生化池-5#曝气支管阀-手动/自动状态
PS1092-BE_SHC_0002-V_002_0023,S_ZIO,1期,2#生化池-5#曝气支管阀-开到位状态
PS1092-BE_SHC_0002-V_002_0023,S_ZIC,1期,2#生化池-5#曝气支管阀-关到位状态
PS1092-BE_SHC_0002-V_002_0023,A_FLT,1期,2#生化池-5#曝气支管阀-故障状态
PS1092-BE_SHC_0002-V_002_0023,V_ZIT,1期,2#生化池-5#曝气支管阀-开度反馈
PS1092-BE_SHC_0002-V_002_0024,S_REM,1期,2#生化池-6#曝气支管阀-本地/远程状态
PS1092-BE_SHC_0002-V_002_0024,S_AUT,1期,2#生化池-6#曝气支管阀-手动/自动状态
PS1092-BE_SHC_0002-V_002_0024,S_ZIO,1期,2#生化池-6#曝气支管阀-开到位状态
PS1092-BE_SHC_0002-V_002_0024,S_ZIC,1期,2#生化池-6#曝气支管阀-关到位状态
PS1092-BE_SHC_0002-V_002_0024,A_FLT,1期,2#生化池-6#曝气支管阀-故障状态
PS1092-BE_SHC_0002-V_002_0024,V_ZIT,1期,2#生化池-6#曝气支管阀-开度反馈
PS1092-BE_SHC_0002-V_002_0025,S_REM,1期,2#生化池-7#曝气支管阀-本地/远程状态
PS1092-BE_SHC_0002-V_002_0025,S_AUT,1期,2#生化池-7#曝气支管阀-手动/自动状态
PS1092-BE_SHC_0002-V_002_0025,S_ZIO,1期,2#生化池-7#曝气支管阀-开到位状态
PS1092-BE_SHC_0002-V_002_0025,S_ZIC,1期,2#生化池-7#曝气支管阀-关到位状态
PS1092-BE_SHC_0002-V_002_0025,A_FLT,1期,2#生化池-7#曝气支管阀-故障状态
PS1092-BE_SHC_0002-V_002_0025,V_ZIT,1期,2#生化池-7#曝气支管阀-开度反馈
PS1092-BE_SHC_0002-V_002_0021,S_REM,1期,2#生化池-3#曝气支管阀-本地/远程状态
PS1092-BE_SHC_0002-V_002_0021,S_AUT,1期,2#生化池-3#曝气支管阀-手动/自动状态
PS1092-BE_SHC_0002-V_002_0021,S_ZIO,1期,2#生化池-3#曝气支管阀-开到位状态
PS1092-BE_SHC_0002-V_002_0021,S_ZIC,1期,2#生化池-3#曝气支管阀-关到位状态
PS1092-BE_SHC_0002-V_002_0021,A_FLT,1期,2#生化池-3#曝气支管阀-故障状态
PS1092-BE_SHC_0002-V_002_0021,V_ZIT,1期,2#生化池-3#曝气支管阀-开度反馈
PS1092-BE_SHC_0002-V_002_0027,S_REM,1期,2#生化池-9#曝气支管阀-本地/远程状态
PS1092-BE_SHC_0002-V_002_0027,S_AUT,1期,2#生化池-9#曝气支管阀-手动/自动状态
PS1092-BE_SHC_0002-V_002_0027,S_ZIO,1期,2#生化池-9#曝气支管阀-开到位状态
PS1092-BE_SHC_0002-V_002_0027,S_ZIC,1期,2#生化池-9#曝气支管阀-关到位状态
PS1092-BE_SHC_0002-V_002_0027,A_FLT,1期,2#生化池-9#曝气支管阀-故障状态
PS1092-BE_SHC_0002-V_002_0027,V_ZIT,1期,2#生化池-9#曝气支管阀-开度反馈
PS1092-OPC-BE_SHC_0001-PY_05B01_0004,Sub_Stride,1期,1#生化池-1#基于进水总氮或缺氧末氨氮的内回流控制-降低内回流比步幅
PS1092-OPC-BE_SHC_0001-PY_05B01_0004,TN_Set,1期,1#生化池-1#基于进水总氮或缺氧末氨氮的内回流控制-总氮目标
PS1092-OPC-BE_SHC_0001-PY_05B01_0004,V_NH3N,1期,1#生化池-1#基于进水总氮或缺氧末氨氮的内回流控制-缺氧出水氨氮
PS1092-OPC-BE_SHC_0001-PY_05B01_0004,NH3N_Set,1期,1#生化池-1#基于进水总氮或缺氧末氨氮的内回流控制-缺氧出水氨氮目标
PS1092-OPC-BE_SHC_0001-PY_05B01_0004,NHL_Set,1期,1#生化池-1#基于进水总氮或缺氧末氨氮的内回流控制-内回流比设定值
PS1092-OPC-BE_SHC_0001-PY_05B01_0004,NHL_Flow,1期,1#生化池-1#基于进水总氮或缺氧末氨氮的内回流控制-内回流流量
PS1092-OPC-BE_SHC_0001-PY_05B01_0004,NHL_Last,1期,1#生化池-1#基于进水总氮或缺氧末氨氮的内回流控制-内回流反馈值
PS1092-OPC-BE_SHC_0001-PY_05B01_0004,NHL_Min,1期,1#生化池-1#基于进水总氮或缺氧末氨氮的内回流控制-内回流比最小值
PS1092-OPC-BE_SHC_0001-PY_05B01_0004,NHL_Max,1期,1#生化池-1#基于进水总氮或缺氧末氨氮的内回流控制-内回流比最大值
PS1092-OPC-BE_SHC_0001-PY_05B01_0004,W_TN,1期,1#生化池-1#基于进水总氮或缺氧末氨氮的内回流控制-化验总氮
PS1092-OPC-BE_SHC_0001-PY_05B01_0004,Add_Stride,1期,1#生化池-1#基于进水总氮或缺氧末氨氮的内回流控制-增加内回流比步幅
PS1092-OPC-BE_SHC_0001-PY_05B01_0004,V_WHL,1期,1#生化池-1#基于进水总氮或缺氧末氨氮的内回流控制-外回流比
PS1092-OPC-BE_SHC_0001-PY_05B01_0004,Model,1期,1#生化池-1#基于进水总氮或缺氧末氨氮的内回流控制-模式选择
PS1092-OPC-BE_SHC_0001-PY_05B01_0004,TN_Select,1期,1#生化池-1#基于进水总氮或缺氧末氨氮的内回流控制-总氮选择
PS1092-OPC-BE_SHC_0001-PY_05B01_0004,Water_Flow,1期,1#生化池-1#基于进水总氮或缺氧末氨氮的内回流控制-进水流量
PS1092-OPC-BE_SHC_0001-PY_05B01_0004,NH3N_DD,1期,1#生化池-1#基于进水总氮或缺氧末氨氮的内回流控制-氨氮死区
PS1092-OPC-BE_SHC_0001-PY_05B01_0004,V_TN,1期,1#生化池-1#基于进水总氮或缺氧末氨氮的内回流控制-进水总氮
PS1092-OPC-BE_SHC_0001-PY_05B01_0004,Use_Flag,1期,1#生化池-1#基于进水总氮或缺氧末氨氮的内回流控制-控制器运行标志
PS1092-OPC-BE_SHC_0001-PY_05B01_0003,Sub_Stride,1期,1#生化池-2#基于进水总氮或缺氧末氨氮的内回流控制-降低内回流比步幅
PS1092-OPC-BE_SHC_0001-PY_05B01_0003,TN_Set,1期,1#生化池-2#基于进水总氮或缺氧末氨氮的内回流控制-总氮目标
PS1092-OPC-BE_SHC_0001-PY_05B01_0003,V_NH3N,1期,1#生化池-2#基于进水总氮或缺氧末氨氮的内回流控制-缺氧出水氨氮
PS1092-OPC-BE_SHC_0001-PY_05B01_0003,NH3N_Set,1期,1#生化池-2#基于进水总氮或缺氧末氨氮的内回流控制-缺氧出水氨氮目标
PS1092-OPC-BE_SHC_0001-PY_05B01_0003,NHL_Set,1期,1#生化池-2#基于进水总氮或缺氧末氨氮的内回流控制-内回流比设定值
PS1092-OPC-BE_SHC_0001-PY_05B01_0003,NHL_Flow,1期,1#生化池-2#基于进水总氮或缺氧末氨氮的内回流控制-内回流流量
PS1092-OPC-BE_SHC_0001-PY_05B01_0003,NHL_Last,1期,1#生化池-2#基于进水总氮或缺氧末氨氮的内回流控制-内回流反馈值
PS1092-OPC-BE_SHC_0001-PY_05B01_0003,NHL_Min,1期,1#生化池-2#基于进水总氮或缺氧末氨氮的内回流控制-内回流比最小值
PS1092-OPC-BE_SHC_0001-PY_05B01_0003,NHL_Max,1期,1#生化池-2#基于进水总氮或缺氧末氨氮的内回流控制-内回流比最大值
PS1092-OPC-BE_SHC_0001-PY_05B01_0003,W_TN,1期,1#生化池-2#基于进水总氮或缺氧末氨氮的内回流控制-化验总氮
PS1092-OPC-BE_SHC_0001-PY_05B01_0003,Add_Stride,1期,1#生化池-2#基于进水总氮或缺氧末氨氮的内回流控制-增加内回流比步幅
PS1092-OPC-BE_SHC_0001-PY_05B01_0003,V_WHL,1期,1#生化池-2#基于进水总氮或缺氧末氨氮的内回流控制-外回流比
PS1092-OPC-BE_SHC_0001-PY_05B01_0003,Model,1期,1#生化池-2#基于进水总氮或缺氧末氨氮的内回流控制-模式选择
PS1092-OPC-BE_SHC_0001-PY_05B01_0003,TN_Select,1期,1#生化池-2#基于进水总氮或缺氧末氨氮的内回流控制-总氮选择
PS1092-OPC-BE_SHC_0001-PY_05B01_0003,Water_Flow,1期,1#生化池-2#基于进水总氮或缺氧末氨氮的内回流控制-进水流量
PS1092-OPC-BE_SHC_0001-PY_05B01_0003,NH3N_DD,1期,1#生化池-2#基于进水总氮或缺氧末氨氮的内回流控制-氨氮死区
PS1092-OPC-BE_SHC_0001-PY_05B01_0003,V_TN,1期,1#生化池-2#基于进水总氮或缺氧末氨氮的内回流控制-进水总氮
PS1092-OPC-BE_SHC_0001-PY_05B01_0003,Use_Flag,1期,1#生化池-2#基于进水总氮或缺氧末氨氮的内回流控制-控制器运行标志
